[
  {
    "wafer_id": "Center2",
    "image_filename": "Center2.png",
    "image_path": "C:\\VSMC\\VSMC-FAB_Investigayion_Tool\\wafer-defect-ap\\data\\wafer_images\\Center2.png",
    "pattern_class": "Center",
    "root_cause": "CVD Process Variation"
  },
  {
    "wafer_id": "Edge-Ring2",
    "image_filename": "Edge-Ring2.png",
    "image_path": "C:\\VSMC\\VSMC-FAB_Investigayion_Tool\\wafer-defect-ap\\data\\wafer_images\\Edge-Ring2.png",
    "pattern_class": "Edge-Ring",
    "root_cause": "Etch Process Drift"
  },
  {
    "wafer_id": "M12345.01_M93242.01_test_wafer",
    "image_filename": "M12345.01_M93242.01_test_wafer.png",
    "image_path": "C:\\VSMC\\VSMC-FAB_Investigayion_Tool\\wafer-defect-ap\\data\\wafer_images\\M12345.01_M93242.01_test_wafer.png",
    "pattern_class": "Mixed",
    "root_cause": "Unknown"
  },
  {
    "wafer_id": "M34264.01_center1",
    "image_filename": "M34264.01_center1.png",
    "image_path": "C:\\VSMC\\VSMC-FAB_Investigayion_Tool\\wafer-defect-ap\\data\\wafer_images\\M34264.01_center1.png",
    "pattern_class": "Center",
    "root_cause": "CVD Process Variation"
  },
  {
    "wafer_id": "M34264.01_Donut1",
    "image_filename": "M34264.01_Donut1.png",
    "image_path": "C:\\VSMC\\VSMC-FAB_Investigayion_Tool\\wafer-defect-ap\\data\\wafer_images\\M34264.01_Donut1.png",
    "pattern_class": "Donut",
    "root_cause": "CMP Non-uniformity"
  },
  {
    "wafer_id": "M34264.02_Edge_Loc1",
    "image_filename": "M34264.02_Edge_Loc1.png",
    "image_path": "C:\\VSMC\\VSMC-FAB_Investigayion_Tool\\wafer-defect-ap\\data\\wafer_images\\M34264.02_Edge_Loc1.png",
    "pattern_class": "Edge-Loc",
    "root_cause": "Equipment Malfunction"
  },
  {
    "wafer_id": "M34264.03_Edge_Ring1",
    "image_filename": "M34264.03_Edge_Ring1.png",
    "image_path": "C:\\VSMC\\VSMC-FAB_Investigayion_Tool\\wafer-defect-ap\\data\\wafer_images\\M34264.03_Edge_Ring1.png",
    "pattern_class": "Edge-Ring",
    "root_cause": "Etch Process Drift"
  },
  {
    "wafer_id": "M34264.04_loc1",
    "image_filename": "M34264.04_loc1.png",
    "image_path": "C:\\VSMC\\VSMC-FAB_Investigayion_Tool\\wafer-defect-ap\\data\\wafer_images\\M34264.04_loc1.png",
    "pattern_class": "Loc",
    "root_cause": "Particle Contamination"
  },
  {
    "wafer_id": "M34264.05_Near_Full1",
    "image_filename": "M34264.05_Near_Full1.png",
    "image_path": "C:\\VSMC\\VSMC-FAB_Investigayion_Tool\\wafer-defect-ap\\data\\wafer_images\\M34264.05_Near_Full1.png",
    "pattern_class": "Near-Full",
    "root_cause": "Lithography Issues"
  },
  {
    "wafer_id": "M34264.06_Random1",
    "image_filename": "M34264.06_Random1.png",
    "image_path": "C:\\VSMC\\VSMC-FAB_Investigayion_Tool\\wafer-defect-ap\\data\\wafer_images\\M34264.06_Random1.png",
    "pattern_class": "Random",
    "root_cause": "Material Defects"
  },
  {
    "wafer_id": "M34264.07_Scrach1",
    "image_filename": "M34264.07_Scrach1.png",
    "image_path": "C:\\VSMC\\VSMC-FAB_Investigayion_Tool\\wafer-defect-ap\\data\\wafer_images\\M34264.07_Scrach1.png",
    "pattern_class": "Scratch",
    "root_cause": "Equipment Malfunction"
  },
  {
    "wafer_id": "M93242.01_M93242.01_test_wafer",
    "image_filename": "M93242.01_M93242.01_test_wafer.png",
    "image_path": "C:\\VSMC\\VSMC-FAB_Investigayion_Tool\\wafer-defect-ap\\data\\wafer_images\\M93242.01_M93242.01_test_wafer.png",
    "pattern_class": "Mixed",
    "root_cause": "Unknown"
  },
  {
    "wafer_id": "M93242.01_test_wafer",
    "image_filename": "M93242.01_test_wafer.png",
    "image_path": "C:\\VSMC\\VSMC-FAB_Investigayion_Tool\\wafer-defect-ap\\data\\wafer_images\\M93242.01_test_wafer.png",
    "pattern_class": "Mixed",
    "root_cause": "Unknown"
  }
]