{
  "job_id": "training_20260118",
  "status": "completed",
  "model_architecture": "EfficientNet-B3",
  "dataset_size": 273,
  "batch_size": 8,
  "start_time": "2026-01-18T10:00:00Z",
  "end_time": "2026-01-18T11:54:28.500028",
  "current_epoch": 30,
  "total_epochs": 30,
  "progress_percentage": 100.0,
  "current_metrics": {
    "train_loss": -0.0147,
    "train_pattern_acc": 0.984,
    "train_root_cause_acc": 0.984,
    "val_loss": -0.0301,
    "val_pattern_acc": 1.0,
    "val_root_cause_acc": 1.0,
    "learning_rate": 0.0001
  },
  "best_metrics": {
    "epoch": 17,
    "val_pattern_acc": 1.0,
    "val_root_cause_acc": 0.975,
    "val_loss": 0.0511
  },
  "metrics_history": [
    {
      "epoch": 1,
      "total_epochs": 30,
      "timestamp": "2026-01-18T11:54:28.500028",
      "train_loss": 0.8287,
      "train_pattern_acc": 0.204,
      "train_root_cause_acc": 0.225,
      "val_loss": 0.8282,
      "val_pattern_acc": 0.3,
      "val_root_cause_acc": 0.225,
      "learning_rate": 9.8e-05
    },
    {
      "epoch": 2,
      "total_epochs": 30,
      "timestamp": "2026-01-18T11:54:28.500028",
      "train_loss": 0.7381,
      "train_pattern_acc": 0.382,
      "train_root_cause_acc": 0.366,
      "val_loss": 0.7581,
      "val_pattern_acc": 0.35,
      "val_root_cause_acc": 0.225,
      "learning_rate": 9.1e-05
    },
    {
      "epoch": 3,
      "total_epochs": 30,
      "timestamp": "2026-01-18T11:54:28.500028",
      "train_loss": 0.6703,
      "train_pattern_acc": 0.424,
      "train_root_cause_acc": 0.429,
      "val_loss": 0.6852,
      "val_pattern_acc": 0.375,
      "val_root_cause_acc": 0.225,
      "learning_rate": 8e-05
    },
    {
      "epoch": 4,
      "total_epochs": 30,
      "timestamp": "2026-01-18T11:54:28.500028",
      "train_loss": 0.6015,
      "train_pattern_acc": 0.529,
      "train_root_cause_acc": 0.534,
      "val_loss": 0.6398,
      "val_pattern_acc": 0.475,
      "val_root_cause_acc": 0.3,
      "learning_rate": 6.6e-05
    },
    {
      "epoch": 5,
      "total_epochs": 30,
      "timestamp": "2026-01-18T11:54:28.500028",
      "train_loss": 0.5595,
      "train_pattern_acc": 0.539,
      "train_root_cause_acc": 0.503,
      "val_loss": 0.5917,
      "val_pattern_acc": 0.55,
      "val_root_cause_acc": 0.35,
      "learning_rate": 5.1e-05
    },
    {
      "epoch": 6,
      "total_epochs": 30,
      "timestamp": "2026-01-18T11:54:28.500028",
      "train_loss": 0.5098,
      "train_pattern_acc": 0.613,
      "train_root_cause_acc": 0.586,
      "val_loss": 0.5367,
      "val_pattern_acc": 0.675,
      "val_root_cause_acc": 0.575,
      "learning_rate": 3.5e-05
    },
    {
      "epoch": 7,
      "total_epochs": 30,
      "timestamp": "2026-01-18T11:54:28.500028",
      "train_loss": 0.4898,
      "train_pattern_acc": 0.67,
      "train_root_cause_acc": 0.66,
      "val_loss": 0.4996,
      "val_pattern_acc": 0.725,
      "val_root_cause_acc": 0.65,
      "learning_rate": 2.1e-05
    },
    {
      "epoch": 8,
      "total_epochs": 30,
      "timestamp": "2026-01-18T11:54:28.500028",
      "train_loss": 0.4729,
      "train_pattern_acc": 0.67,
      "train_root_cause_acc": 0.649,
      "val_loss": 0.4795,
      "val_pattern_acc": 0.75,
      "val_root_cause_acc": 0.65,
      "learning_rate": 1e-05
    },
    {
      "epoch": 9,
      "total_epochs": 30,
      "timestamp": "2026-01-18T11:54:28.500028",
      "train_loss": 0.44,
      "train_pattern_acc": 0.67,
      "train_root_cause_acc": 0.66,
      "val_loss": 0.473,
      "val_pattern_acc": 0.725,
      "val_root_cause_acc": 0.675,
      "learning_rate": 3e-06
    },
    {
      "epoch": 10,
      "total_epochs": 30,
      "timestamp": "2026-01-18T11:54:28.500028",
      "train_loss": 0.4386,
      "train_pattern_acc": 0.681,
      "train_root_cause_acc": 0.639,
      "val_loss": 0.4657,
      "val_pattern_acc": 0.7,
      "val_root_cause_acc": 0.7,
      "learning_rate": 0.0001
    },
    {
      "epoch": 11,
      "total_epochs": 30,
      "timestamp": "2026-01-18T11:54:28.500028",
      "train_loss": 0.4016,
      "train_pattern_acc": 0.702,
      "train_root_cause_acc": 0.696,
      "val_loss": 0.3644,
      "val_pattern_acc": 0.8,
      "val_root_cause_acc": 0.725,
      "learning_rate": 9.9e-05
    },
    {
      "epoch": 12,
      "total_epochs": 30,
      "timestamp": "2026-01-18T11:54:28.500028",
      "train_loss": 0.3507,
      "train_pattern_acc": 0.728,
      "train_root_cause_acc": 0.712,
      "val_loss": 0.3086,
      "val_pattern_acc": 0.8,
      "val_root_cause_acc": 0.8,
      "learning_rate": 9.8e-05
    },
    {
      "epoch": 13,
      "total_epochs": 30,
      "timestamp": "2026-01-18T11:54:28.500028",
      "train_loss": 0.2852,
      "train_pattern_acc": 0.78,
      "train_root_cause_acc": 0.77,
      "val_loss": 0.2515,
      "val_pattern_acc": 0.875,
      "val_root_cause_acc": 0.825,
      "learning_rate": 9.5e-05
    },
    {
      "epoch": 14,
      "total_epochs": 30,
      "timestamp": "2026-01-18T11:54:28.500028",
      "train_loss": 0.2235,
      "train_pattern_acc": 0.864,
      "train_root_cause_acc": 0.832,
      "val_loss": 0.1691,
      "val_pattern_acc": 0.95,
      "val_root_cause_acc": 0.9,
      "learning_rate": 9.1e-05
    },
    {
      "epoch": 15,
      "total_epochs": 30,
      "timestamp": "2026-01-18T11:54:28.500028",
      "train_loss": 0.1895,
      "train_pattern_acc": 0.864,
      "train_root_cause_acc": 0.838,
      "val_loss": 0.1191,
      "val_pattern_acc": 0.95,
      "val_root_cause_acc": 0.925,
      "learning_rate": 8.6e-05
    },
    {
      "epoch": 16,
      "total_epochs": 30,
      "timestamp": "2026-01-18T11:54:28.500028",
      "train_loss": 0.1307,
      "train_pattern_acc": 0.895,
      "train_root_cause_acc": 0.901,
      "val_loss": 0.0805,
      "val_pattern_acc": 0.975,
      "val_root_cause_acc": 0.975,
      "learning_rate": 8e-05
    },
    {
      "epoch": 17,
      "total_epochs": 30,
      "timestamp": "2026-01-18T11:54:28.500028",
      "train_loss": 0.1135,
      "train_pattern_acc": 0.88,
      "train_root_cause_acc": 0.89,
      "val_loss": 0.0511,
      "val_pattern_acc": 1.0,
      "val_root_cause_acc": 0.975,
      "learning_rate": 7.3e-05
    },
    {
      "epoch": 18,
      "total_epochs": 30,
      "timestamp": "2026-01-18T11:54:28.500028",
      "train_loss": 0.085,
      "train_pattern_acc": 0.911,
      "train_root_cause_acc": 0.953,
      "val_loss": 0.0285,
      "val_pattern_acc": 0.975,
      "val_root_cause_acc": 0.95,
      "learning_rate": 6.6e-05
    },
    {
      "epoch": 19,
      "total_epochs": 30,
      "timestamp": "2026-01-18T11:54:28.500028",
      "train_loss": 0.0707,
      "train_pattern_acc": 0.942,
      "train_root_cause_acc": 0.916,
      "val_loss": 0.0192,
      "val_pattern_acc": 0.975,
      "val_root_cause_acc": 0.975,
      "learning_rate": 5.8e-05
    },
    {
      "epoch": 20,
      "total_epochs": 30,
      "timestamp": "2026-01-18T11:54:28.500028",
      "train_loss": 0.0497,
      "train_pattern_acc": 0.953,
      "train_root_cause_acc": 0.927,
      "val_loss": -0.0018,
      "val_pattern_acc": 1.0,
      "val_root_cause_acc": 1.0,
      "learning_rate": 5.1e-05
    },
    {
      "epoch": 21,
      "total_epochs": 30,
      "timestamp": "2026-01-18T11:54:28.500028",
      "train_loss": 0.0116,
      "train_pattern_acc": 0.979,
      "train_root_cause_acc": 0.969,
      "val_loss": -0.0055,
      "val_pattern_acc": 1.0,
      "val_root_cause_acc": 1.0,
      "learning_rate": 4.3e-05
    },
    {
      "epoch": 22,
      "total_epochs": 30,
      "timestamp": "2026-01-18T11:54:28.500028",
      "train_loss": 0.0163,
      "train_pattern_acc": 0.953,
      "train_root_cause_acc": 0.948,
      "val_loss": -0.0159,
      "val_pattern_acc": 1.0,
      "val_root_cause_acc": 1.0,
      "learning_rate": 3.5e-05
    },
    {
      "epoch": 23,
      "total_epochs": 30,
      "timestamp": "2026-01-18T11:54:28.500028",
      "train_loss": 0.0257,
      "train_pattern_acc": 0.937,
      "train_root_cause_acc": 0.948,
      "val_loss": -0.0272,
      "val_pattern_acc": 1.0,
      "val_root_cause_acc": 1.0,
      "learning_rate": 2.8e-05
    },
    {
      "epoch": 24,
      "total_epochs": 30,
      "timestamp": "2026-01-18T11:54:28.500028",
      "train_loss": -0.0092,
      "train_pattern_acc": 0.969,
      "train_root_cause_acc": 0.979,
      "val_loss": -0.0244,
      "val_pattern_acc": 1.0,
      "val_root_cause_acc": 1.0,
      "learning_rate": 2.1e-05
    },
    {
      "epoch": 25,
      "total_epochs": 30,
      "timestamp": "2026-01-18T11:54:28.500028",
      "train_loss": 0.0102,
      "train_pattern_acc": 0.927,
      "train_root_cause_acc": 0.937,
      "val_loss": -0.0348,
      "val_pattern_acc": 1.0,
      "val_root_cause_acc": 1.0,
      "learning_rate": 1.5e-05
    },
    {
      "epoch": 26,
      "total_epochs": 30,
      "timestamp": "2026-01-18T11:54:28.500028",
      "train_loss": 0.0025,
      "train_pattern_acc": 0.963,
      "train_root_cause_acc": 0.979,
      "val_loss": -0.0368,
      "val_pattern_acc": 1.0,
      "val_root_cause_acc": 1.0,
      "learning_rate": 1e-05
    },
    {
      "epoch": 27,
      "total_epochs": 30,
      "timestamp": "2026-01-18T11:54:28.500028",
      "train_loss": -0.0186,
      "train_pattern_acc": 0.974,
      "train_root_cause_acc": 0.984,
      "val_loss": -0.0304,
      "val_pattern_acc": 1.0,
      "val_root_cause_acc": 1.0,
      "learning_rate": 6e-06
    },
    {
      "epoch": 28,
      "total_epochs": 30,
      "timestamp": "2026-01-18T11:54:28.500028",
      "train_loss": -0.006,
      "train_pattern_acc": 0.969,
      "train_root_cause_acc": 0.979,
      "val_loss": -0.0385,
      "val_pattern_acc": 1.0,
      "val_root_cause_acc": 1.0,
      "learning_rate": 3e-06
    },
    {
      "epoch": 29,
      "total_epochs": 30,
      "timestamp": "2026-01-18T11:54:28.500028",
      "train_loss": 0.0035,
      "train_pattern_acc": 0.927,
      "train_root_cause_acc": 0.948,
      "val_loss": -0.0366,
      "val_pattern_acc": 1.0,
      "val_root_cause_acc": 1.0,
      "learning_rate": 2e-06
    },
    {
      "epoch": 30,
      "total_epochs": 30,
      "timestamp": "2026-01-18T11:54:28.500028",
      "train_loss": -0.0147,
      "train_pattern_acc": 0.984,
      "train_root_cause_acc": 0.984,
      "val_loss": -0.0301,
      "val_pattern_acc": 1.0,
      "val_root_cause_acc": 1.0,
      "learning_rate": 0.0001
    }
  ]
}