[
  {
    "id": "inf_20260119_220345_M93242.01",
    "wafer_id": "M93242.01",
    "lot_id": "M93242.00",
    "timestamp": "2026-01-19T22:03:45.812222",
    "pattern": "Mixed",
    "pattern_confidence": 0.6125465631484985,
    "root_cause": "Unknown",
    "root_cause_confidence": 0.6239789128303528,
    "overall_confidence": 0.6182627379894257,
    "processing_time_ms": 138.6716365814209,
    "model_version": "1.0.0",
    "metadata": {
      "tool_id": "LITHO-ASML-04",
      "process_step": "Lithography",
      "scan_time": "2024-01-15T10:30:00Z"
    }
  },
  {
    "id": "inf_20260119_220345_M12345.01",
    "wafer_id": "M12345.01",
    "lot_id": "M12345.00",
    "timestamp": "2026-01-19T22:03:45.869616",
    "pattern": "Mixed",
    "pattern_confidence": 0.6125465631484985,
    "root_cause": "Unknown",
    "root_cause_confidence": 0.6239789128303528,
    "overall_confidence": 0.6182627379894257,
    "processing_time_ms": 57.39402770996094,
    "model_version": "1.0.0",
    "metadata": {
      "tool_id": "ASML-001",
      "process_step": "Lithography",
      "scan_time": "2026-01-18T09:54:15.839622"
    }
  },
  {
    "id": "inf_20260119_220345_M34264.01",
    "wafer_id": "M34264.01",
    "lot_id": "M34264.00",
    "timestamp": "2026-01-19T22:03:45.923856",
    "pattern": "Donut",
    "pattern_confidence": 0.4848095774650574,
    "root_cause": "CMP Non-uniformity",
    "root_cause_confidence": 0.499620258808136,
    "overall_confidence": 0.4922149181365967,
    "processing_time_ms": 52.234649658203125,
    "model_version": "1.0.0",
    "metadata": {
      "tool_id": "CVD-001",
      "process_step": "CVD",
      "scan_time": "2026-01-18T09:58:09.690391"
    }
  },
  {
    "id": "inf_20260119_220345_M34264.01",
    "wafer_id": "M34264.01",
    "lot_id": "M34264.00",
    "timestamp": "2026-01-19T22:03:45.984817",
    "pattern": "Center",
    "pattern_confidence": 0.6080949306488037,
    "root_cause": "CVD Process Variation",
    "root_cause_confidence": 0.497296541929245,
    "overall_confidence": 0.5526957362890244,
    "processing_time_ms": 58.95733833312988,
    "model_version": "1.0.0",
    "metadata": {
      "tool_id": "CVD-001",
      "process_step": "CVD",
      "scan_time": "2026-01-18T10:00:31.822005"
    }
  },
  {
    "id": "inf_20260119_220346_M34264.02",
    "wafer_id": "M34264.02",
    "lot_id": "M34264.00",
    "timestamp": "2026-01-19T22:03:46.048745",
    "pattern": "Edge-Loc",
    "pattern_confidence": 0.26859116554260254,
    "root_cause": "Equipment Malfunction",
    "root_cause_confidence": 0.3857277035713196,
    "overall_confidence": 0.32715943455696106,
    "processing_time_ms": 61.92302703857422,
    "model_version": "1.0.0",
    "metadata": {
      "tool_id": "CVD-001",
      "process_step": "CVD",
      "scan_time": "2026-01-18T10:00:31.838286"
    }
  },
  {
    "id": "inf_20260119_220346_M34264.03",
    "wafer_id": "M34264.03",
    "lot_id": "M34264.00",
    "timestamp": "2026-01-19T22:03:46.105531",
    "pattern": "Edge-Ring",
    "pattern_confidence": 0.6002916097640991,
    "root_cause": "Etch Process Drift",
    "root_cause_confidence": 0.5654609203338623,
    "overall_confidence": 0.5828762650489807,
    "processing_time_ms": 56.78606033325195,
    "model_version": "1.0.0",
    "metadata": {
      "tool_id": "CVD-001",
      "process_step": "CVD",
      "scan_time": "2026-01-18T10:00:31.887874"
    }
  },
  {
    "id": "inf_20260119_220346_M34264.04",
    "wafer_id": "M34264.04",
    "lot_id": "M34264.00",
    "timestamp": "2026-01-19T22:03:46.148749",
    "pattern": "Loc",
    "pattern_confidence": 0.6613077521324158,
    "root_cause": "Particle Contamination",
    "root_cause_confidence": 0.6071527004241943,
    "overall_confidence": 0.634230226278305,
    "processing_time_ms": 41.213035583496094,
    "model_version": "1.0.0",
    "metadata": {
      "tool_id": "CVD-001",
      "process_step": "CVD",
      "scan_time": "2026-01-18T10:00:31.930080"
    }
  },
  {
    "id": "inf_20260119_220346_M34264.05",
    "wafer_id": "M34264.05",
    "lot_id": "M34264.00",
    "timestamp": "2026-01-19T22:03:46.186470",
    "pattern": "Near-Full",
    "pattern_confidence": 0.6592260599136353,
    "root_cause": "Lithography Issues",
    "root_cause_confidence": 0.6473170518875122,
    "overall_confidence": 0.6532715559005737,
    "processing_time_ms": 37.7199649810791,
    "model_version": "1.0.0",
    "metadata": {
      "tool_id": "CVD-001",
      "process_step": "CVD",
      "scan_time": "2026-01-18T10:00:31.953609"
    }
  },
  {
    "id": "inf_20260119_220346_M34264.06",
    "wafer_id": "M34264.06",
    "lot_id": "M34264.00",
    "timestamp": "2026-01-19T22:03:46.233639",
    "pattern": "Random",
    "pattern_confidence": 0.5101733803749084,
    "root_cause": "Material Defects",
    "root_cause_confidence": 0.4740482568740845,
    "overall_confidence": 0.49211081862449646,
    "processing_time_ms": 45.165300369262695,
    "model_version": "1.0.0",
    "metadata": {
      "tool_id": "CVD-001",
      "process_step": "CVD",
      "scan_time": "2026-01-18T10:00:31.987867"
    }
  },
  {
    "id": "inf_20260119_220346_M34264.07",
    "wafer_id": "M34264.07",
    "lot_id": "M34264.00",
    "timestamp": "2026-01-19T22:03:46.272325",
    "pattern": "Random",
    "pattern_confidence": 0.3163430690765381,
    "root_cause": "Equipment Malfunction",
    "root_cause_confidence": 0.3379388749599457,
    "overall_confidence": 0.3271409720182419,
    "processing_time_ms": 38.68603706359863,
    "model_version": "1.0.0",
    "metadata": {
      "tool_id": "CVD-001",
      "process_step": "CVD",
      "scan_time": "2026-01-18T10:00:32.037845"
    }
  },
  {
    "id": "inf_20260119_220346_M34264.01",
    "wafer_id": "M34264.01",
    "lot_id": "M34264.00",
    "timestamp": "2026-01-19T22:03:46.313006",
    "pattern": "Donut",
    "pattern_confidence": 0.4848095774650574,
    "root_cause": "CMP Non-uniformity",
    "root_cause_confidence": 0.499620258808136,
    "overall_confidence": 0.4922149181365967,
    "processing_time_ms": 38.675546646118164,
    "model_version": "1.0.0",
    "metadata": {
      "tool_id": "CVD-001",
      "process_step": "CVD",
      "scan_time": "2026-01-18T10:14:14.055632"
    }
  },
  {
    "id": "inf_20260119_220346_M93242.01",
    "wafer_id": "M93242.01",
    "lot_id": "M93242.00",
    "timestamp": "2026-01-19T22:03:46.354456",
    "pattern": "Mixed",
    "pattern_confidence": 0.6125465631484985,
    "root_cause": "Unknown",
    "root_cause_confidence": 0.6239789128303528,
    "overall_confidence": 0.6182627379894257,
    "processing_time_ms": 41.45026206970215,
    "model_version": "1.0.0",
    "metadata": {
      "tool_id": "LITHO-ASML-04",
      "process_step": "Lithography",
      "scan_time": "2026-01-18T10:21:32.153954"
    }
  }
]