[
  {
    "job_id": "d351635c-011c-4eaf-bfe0-dccfca4ea4a9",
    "lot_id": "M93242.00",
    "wafer_id": "M93242.01",
    "tool_id": "LITHO-ASML-04",
    "scan_time": "2024-01-15T10:30:00Z",
    "process_step": "Lithography",
    "defect_count": 45,
    "image_path": "C:\\VSMC\\VSMC-FAB_Investigayion_Tool\\wafer-defect-ap\\data\\wafer_images\\M93242.01_test_wafer.png",
    "image_filename": "M93242.01_test_wafer.png",
    "data_file_path": "C:\\VSMC\\VSMC-FAB_Investigayion_Tool\\wafer-defect-ap\\data\\temp\\d351635c-011c-4eaf-bfe0-dccfca4ea4a9_test_wafer_data.json",
    "status": "uploaded",
    "upload_time": "2026-01-18T09:29:48.663493",
    "metadata": {
      "process_step": "Lithography"
    },
    "id": "c317e565-e816-4d1a-bc7e-33907f5e447d",
    "created_at": "2026-01-18T09:29:48.670178"
  },
  {
    "job_id": "0dce3ad8-28b2-47de-a01c-e33f6512d0a7",
    "lot_id": "M12345.00",
    "wafer_id": "M12345.01",
    "tool_id": "ASML-001",
    "scan_time": "2026-01-18T09:54:15.839622",
    "process_step": "Lithography",
    "defect_count": 0,
    "image_path": "C:\\VSMC\\VSMC-FAB_Investigayion_Tool\\wafer-defect-ap\\data\\wafer_images\\M12345.01_M93242.01_test_wafer.png",
    "image_filename": "M12345.01_M93242.01_test_wafer.png",
    "status": "ingested",
    "upload_time": "2026-01-18T09:54:15.839622",
    "metadata": {
      "batch_upload": true,
      "equipment_id": "ASML-001",
      "original_filename": "M93242.01_test_wafer.png"
    },
    "id": "a209296e-47a9-40c9-be13-de3bd07a2219",
    "created_at": "2026-01-18T09:54:15.852604"
  },
  {
    "job_id": "57fbeaf3-9672-4b05-b0ef-dfe2fb3ead2e",
    "lot_id": "M34264.00",
    "wafer_id": "M34264.01",
    "tool_id": "CVD-001",
    "scan_time": "2026-01-18T09:58:09.690391",
    "process_step": "CVD",
    "defect_count": 0,
    "image_path": "C:\\VSMC\\VSMC-FAB_Investigayion_Tool\\wafer-defect-ap\\data\\wafer_images\\M34264.01_Donut1.png",
    "image_filename": "M34264.01_Donut1.png",
    "status": "ingested",
    "upload_time": "2026-01-18T09:58:09.690391",
    "metadata": {
      "batch_upload": true,
      "equipment_id": "CVD-001",
      "original_filename": "Donut1.png"
    },
    "id": "b6994e13-bbfa-494c-954d-52ed69272feb",
    "created_at": "2026-01-18T09:58:09.690391"
  },
  {
    "job_id": "df0f2024-f145-4a7d-8e5a-2ac78bb8a7ee",
    "lot_id": "M34264.00",
    "wafer_id": "M34264.01",
    "tool_id": "CVD-001",
    "scan_time": "2026-01-18T10:00:31.822005",
    "process_step": "CVD",
    "defect_count": 0,
    "image_path": "C:\\VSMC\\VSMC-FAB_Investigayion_Tool\\wafer-defect-ap\\data\\wafer_images\\M34264.01_center1.png",
    "image_filename": "M34264.01_center1.png",
    "status": "ingested",
    "upload_time": "2026-01-18T10:00:31.822005",
    "metadata": {
      "batch_upload": true,
      "equipment_id": "CVD-001",
      "original_filename": "center1.png"
    },
    "id": "ae9b83d1-a923-473d-a745-1cd7fb2b7a5e",
    "created_at": "2026-01-18T10:00:31.822005"
  },
  {
    "job_id": "07ced000-5fca-4533-ab58-b8cddb323029",
    "lot_id": "M34264.00",
    "wafer_id": "M34264.02",
    "tool_id": "CVD-001",
    "scan_time": "2026-01-18T10:00:31.838286",
    "process_step": "CVD",
    "defect_count": 0,
    "image_path": "C:\\VSMC\\VSMC-FAB_Investigayion_Tool\\wafer-defect-ap\\data\\wafer_images\\M34264.02_Edge_Loc1.png",
    "image_filename": "M34264.02_Edge_Loc1.png",
    "status": "ingested",
    "upload_time": "2026-01-18T10:00:31.838286",
    "metadata": {
      "batch_upload": true,
      "equipment_id": "CVD-001",
      "original_filename": "Edge_Loc1.png"
    },
    "id": "0b33f699-410c-4dc4-a270-758bff4e5880",
    "created_at": "2026-01-18T10:00:31.870253"
  },
  {
    "job_id": "be3c3278-eb4e-4f16-9b35-44776df07046",
    "lot_id": "M34264.00",
    "wafer_id": "M34264.03",
    "tool_id": "CVD-001",
    "scan_time": "2026-01-18T10:00:31.887874",
    "process_step": "CVD",
    "defect_count": 0,
    "image_path": "C:\\VSMC\\VSMC-FAB_Investigayion_Tool\\wafer-defect-ap\\data\\wafer_images\\M34264.03_Edge_Ring1.png",
    "image_filename": "M34264.03_Edge_Ring1.png",
    "status": "ingested",
    "upload_time": "2026-01-18T10:00:31.887874",
    "metadata": {
      "batch_upload": true,
      "equipment_id": "CVD-001",
      "original_filename": "Edge_Ring1.png"
    },
    "id": "7c446e5a-99a4-4e8b-93ce-64722a2f6e46",
    "created_at": "2026-01-18T10:00:31.903692"
  },
  {
    "job_id": "7f4582af-4089-4749-be1c-0131b2f67127",
    "lot_id": "M34264.00",
    "wafer_id": "M34264.04",
    "tool_id": "CVD-001",
    "scan_time": "2026-01-18T10:00:31.930080",
    "process_step": "CVD",
    "defect_count": 0,
    "image_path": "C:\\VSMC\\VSMC-FAB_Investigayion_Tool\\wafer-defect-ap\\data\\wafer_images\\M34264.04_loc1.png",
    "image_filename": "M34264.04_loc1.png",
    "status": "ingested",
    "upload_time": "2026-01-18T10:00:31.930080",
    "metadata": {
      "batch_upload": true,
      "equipment_id": "CVD-001",
      "original_filename": "loc1.png"
    },
    "id": "6109adc7-1335-4722-be17-0569de786ad9",
    "created_at": "2026-01-18T10:00:31.935094"
  },
  {
    "job_id": "7914621a-faff-47f4-aa9b-0859d6a1b26f",
    "lot_id": "M34264.00",
    "wafer_id": "M34264.05",
    "tool_id": "CVD-001",
    "scan_time": "2026-01-18T10:00:31.953609",
    "process_step": "CVD",
    "defect_count": 0,
    "image_path": "C:\\VSMC\\VSMC-FAB_Investigayion_Tool\\wafer-defect-ap\\data\\wafer_images\\M34264.05_Near_Full1.png",
    "image_filename": "M34264.05_Near_Full1.png",
    "status": "ingested",
    "upload_time": "2026-01-18T10:00:31.953609",
    "metadata": {
      "batch_upload": true,
      "equipment_id": "CVD-001",
      "original_filename": "Near_Full1.png"
    },
    "id": "461531b2-929f-4c79-9f80-e5ab412849bf",
    "created_at": "2026-01-18T10:00:31.973092"
  },
  {
    "job_id": "52b7ad55-e3c5-4030-a92c-91f10eedea48",
    "lot_id": "M34264.00",
    "wafer_id": "M34264.06",
    "tool_id": "CVD-001",
    "scan_time": "2026-01-18T10:00:31.987867",
    "process_step": "CVD",
    "defect_count": 0,
    "image_path": "C:\\VSMC\\VSMC-FAB_Investigayion_Tool\\wafer-defect-ap\\data\\wafer_images\\M34264.06_Random1.png",
    "image_filename": "M34264.06_Random1.png",
    "status": "ingested",
    "upload_time": "2026-01-18T10:00:31.987867",
    "metadata": {
      "batch_upload": true,
      "equipment_id": "CVD-001",
      "original_filename": "Random1.png"
    },
    "id": "8611ef80-32b4-4fd0-bfbd-3b313adeedd4",
    "created_at": "2026-01-18T10:00:32.012332"
  },
  {
    "job_id": "64374a11-48aa-4ced-bb93-f4aa7933cc46",
    "lot_id": "M34264.00",
    "wafer_id": "M34264.07",
    "tool_id": "CVD-001",
    "scan_time": "2026-01-18T10:00:32.037845",
    "process_step": "CVD",
    "defect_count": 0,
    "image_path": "C:\\VSMC\\VSMC-FAB_Investigayion_Tool\\wafer-defect-ap\\data\\wafer_images\\M34264.07_Scrach1.png",
    "image_filename": "M34264.07_Scrach1.png",
    "status": "ingested",
    "upload_time": "2026-01-18T10:00:32.037845",
    "metadata": {
      "batch_upload": true,
      "equipment_id": "CVD-001",
      "original_filename": "Scrach1.png"
    },
    "id": "c4710422-8ff9-41a9-8630-d2eab3dc19c3",
    "created_at": "2026-01-18T10:00:32.058720"
  },
  {
    "job_id": "3567e7e0-c77d-4ec3-8d1a-e01e91d27859",
    "lot_id": "M34264.00",
    "wafer_id": "M34264.01",
    "tool_id": "CVD-001",
    "scan_time": "2026-01-18T10:14:14.055632",
    "process_step": "CVD",
    "defect_count": 0,
    "image_path": "C:\\VSMC\\VSMC-FAB_Investigayion_Tool\\wafer-defect-ap\\data\\wafer_images\\M34264.01_Donut1.png",
    "image_filename": "M34264.01_Donut1.png",
    "status": "ingested",
    "upload_time": "2026-01-18T10:14:14.055632",
    "metadata": {
      "batch_upload": true,
      "equipment_id": "CVD-001",
      "original_filename": "Donut1.png"
    },
    "id": "a36adb21-ce0e-44cd-b20e-29a83ac298b1",
    "created_at": "2026-01-18T10:14:14.056295"
  },
  {
    "job_id": "769f4506-885d-4c12-81ad-2bf9002e702d",
    "lot_id": "M93242.00",
    "wafer_id": "M93242.01",
    "tool_id": "LITHO-ASML-04",
    "scan_time": "2026-01-18T10:21:32.153954",
    "process_step": "Lithography",
    "defect_count": 0,
    "image_path": "C:\\VSMC\\VSMC-FAB_Investigayion_Tool\\wafer-defect-ap\\data\\wafer_images\\M93242.01_M93242.01_test_wafer.png",
    "image_filename": "M93242.01_M93242.01_test_wafer.png",
    "status": "ingested",
    "upload_time": "2026-01-18T10:21:32.153954",
    "metadata": {
      "batch_upload": true,
      "equipment_id": "LITHO-ASML-04",
      "original_filename": "M93242.01_test_wafer.png"
    },
    "id": "9b53d6ee-2f9f-4f01-9f8d-0cd0ee15170c",
    "created_at": "2026-01-18T10:21:32.155234"
  }
]