[
  {
    "job_id": "f8633149-c561-4547-a51a-172971a36a4f",
    "status": "queued",
    "priority": "normal",
    "config": {
      "model_architecture": "efficientnet-b3",
      "epochs": 100,
      "batch_size": 32,
      "learning_rate": 0.0001,
      "dataset_filter": {
        "lot_ids": [
          "M93242.00"
        ],
        "wafer_ids": [
          "M93242.01"
        ]
      }
    },
    "start_time": null,
    "queued_at": "2026-01-18T10:21:32.172454",
    "current_epoch": 0,
    "total_epochs": 100,
    "metrics": {
      "loss": 0.0,
      "accuracy": 0.0,
      "val_loss": 0.0,
      "val_accuracy": 0.0
    },
    "estimated_duration_minutes": 200,
    "wafer_count": 1,
    "lot_id": "M93242.00",
    "id": "26b560ed-ac86-4072-b93a-48a82c0cb734",
    "created_at": "2026-01-18T10:21:32.172454"
  },
  {
    "job_id": "521549a2-8c8f-4dba-b3cb-b952ecda3a21",
    "status": "queued",
    "priority": "normal",
    "config": {
      "model_architecture": "efficientnet-b3",
      "epochs": 50,
      "batch_size": 32,
      "learning_rate": 0.0001,
      "dataset_filter": {}
    },
    "start_time": null,
    "queued_at": "2026-01-18T10:21:36.241239",
    "current_epoch": 0,
    "total_epochs": 50,
    "metrics": {
      "loss": 0.0,
      "accuracy": 0.0,
      "val_loss": 0.0,
      "val_accuracy": 0.0
    },
    "estimated_duration_minutes": 100,
    "id": "508ddf15-4a37-407f-980d-cdff589f115a",
    "created_at": "2026-01-18T10:21:36.242587"
  },
  {
    "job_id": "8e654c13-f36b-4f49-8a5b-3b556fbcefc8",
    "status": "queued",
    "priority": "high",
    "config": {
      "model_architecture": "efficientnet-b3",
      "epochs": 50,
      "batch_size": 32,
      "learning_rate": 0.0001,
      "dataset_filter": {}
    },
    "start_time": null,
    "queued_at": "2026-01-18T10:21:38.388643",
    "current_epoch": 0,
    "total_epochs": 50,
    "metrics": {
      "loss": 0.0,
      "accuracy": 0.0,
      "val_loss": 0.0,
      "val_accuracy": 0.0
    },
    "estimated_duration_minutes": 100,
    "id": "ed3a2b3e-e0a5-46f9-9da1-e050782aceff",
    "created_at": "2026-01-18T10:21:38.391847",
    "priority_updated_at": "2026-01-18T10:21:49.563053",
    "updated_at": "2026-01-18T10:21:49.563053"
  },
  {
    "job_id": "334fd84c-3987-4113-ad53-fd4e2bb152ed",
    "status": "queued",
    "priority": "high",
    "config": {
      "model_architecture": "efficientnet-b3",
      "epochs": 50,
      "batch_size": 32,
      "learning_rate": 0.0001,
      "dataset_filter": {}
    },
    "start_time": null,
    "queued_at": "2026-01-18T10:21:40.558321",
    "current_epoch": 0,
    "total_epochs": 50,
    "metrics": {
      "loss": 0.0,
      "accuracy": 0.0,
      "val_loss": 0.0,
      "val_accuracy": 0.0
    },
    "estimated_duration_minutes": 100,
    "id": "e1a0fef4-49b6-4dd1-b045-7fcbbc8558de",
    "created_at": "2026-01-18T10:21:40.559825"
  },
  {
    "job_id": "abf4442a-a203-4a6d-960e-bc6576ccbe6b",
    "status": "queued",
    "priority": "normal",
    "config": {
      "model_architecture": "efficientnet-b3",
      "epochs": 50,
      "batch_size": 32,
      "learning_rate": 0.0001,
      "dataset_filter": {}
    },
    "start_time": null,
    "queued_at": "2026-01-18T10:21:42.696238",
    "current_epoch": 0,
    "total_epochs": 50,
    "metrics": {
      "loss": 0.0,
      "accuracy": 0.0,
      "val_loss": 0.0,
      "val_accuracy": 0.0
    },
    "estimated_duration_minutes": 100,
    "id": "09a66265-f8cc-4340-87bc-135715cc7d0c",
    "created_at": "2026-01-18T10:21:42.696238"
  },
  {
    "job_id": "366f486c-e8ed-4059-8aff-fdab79c95ed9",
    "status": "queued",
    "priority": "high",
    "config": {
      "model_architecture": "efficientnet-b3",
      "epochs": 50,
      "batch_size": 32,
      "learning_rate": 0.0001,
      "dataset_filter": {}
    },
    "start_time": null,
    "queued_at": "2026-01-18T10:21:44.848544",
    "current_epoch": 0,
    "total_epochs": 50,
    "metrics": {
      "loss": 0.0,
      "accuracy": 0.0,
      "val_loss": 0.0,
      "val_accuracy": 0.0
    },
    "estimated_duration_minutes": 100,
    "id": "804047b7-ed4e-408e-959c-f3465b7cbb4b",
    "created_at": "2026-01-18T10:21:44.848544"
  },
  {
    "id": 1,
    "job_id": "training_20260118",
    "status": "completed",
    "priority": "normal",
    "config": {
      "model_architecture": "EfficientNet-B3",
      "epochs": 30,
      "batch_size": 8,
      "learning_rate": 0.0001,
      "dataset_filter": {
        "dataset_size": 273
      }
    },
    "start_time": "2026-01-18T10:00:00Z",
    "end_time": "2026-01-18T11:54:28.500028",
    "queued_at": "2026-01-18T10:00:00Z",
    "current_epoch": 30,
    "total_epochs": 30,
    "metrics": {
      "loss": -0.0147,
      "accuracy": 0.984,
      "val_loss": -0.0301,
      "val_accuracy": 1.0
    },
    "estimated_duration_minutes": 120,
    "wafer_count": 273,
    "created_at": "2026-01-18T10:00:00Z"
  }
]