{
  "images": [
    {
      "filename": "Center2_aug0.png",
      "folder": "augmented",
      "label": "Center",
      "confidence": 1,
      "status": "rejected",
      "labeled_by": "current_user",
      "labeled_at": "2026-01-22T21:44:58.286196",
      "notes": "Label on 20260122",
      "metadata": {
        "original_filename": null,
        "generation_method": "manual"
      },
      "validated_by": "current_user",
      "validated_at": "2026-01-22T21:50:25.196264",
      "validation_notes": ""
    },
    {
      "filename": "Center2_aug14.png",
      "folder": "augmented",
      "label": "Center",
      "confidence": 1,
      "status": "labeled",
      "labeled_by": "current_user",
      "labeled_at": "2026-01-22T22:04:09.921357",
      "notes": "",
      "metadata": {
        "original_filename": null,
        "generation_method": "manual"
      },
      "exported": true,
      "exported_at": "2026-01-22T22:05:20.015140"
    },
    {
      "filename": "Center2_aug1.png",
      "folder": "augmented",
      "label": "Center",
      "confidence": 1,
      "status": "labeled",
      "labeled_by": "current_user",
      "labeled_at": "2026-01-22T22:04:48.804840",
      "notes": "Test",
      "metadata": {
        "original_filename": null,
        "generation_method": "manual"
      },
      "exported": true,
      "exported_at": "2026-01-22T22:05:20.024136"
    }
  ]
}