[
  {
    "model_id": "model_training_20260118",
    "version": "v20260119_212323",
    "name": "WaferDefect-EfficientNetB3-v20260119_212323",
    "architecture": "EfficientNet-B3",
    "status": "production",
    "created_at": "2026-01-18T11:54:28.500028",
    "trained_by": "System",
    "training_job_id": "training_20260118",
    "metrics": {
      "pattern_recognition": {
        "accuracy": 1.0,
        "precision": 1.0,
        "recall": 1.0,
        "f1_score": 1.0,
        "loss": -0.0301
      },
      "root_cause_analysis": {
        "accuracy": 1.0,
        "precision": 1.0,
        "recall": 1.0,
        "f1_score": 1.0,
        "loss": -0.0301
      },
      "training": {
        "final_train_loss": -0.0147,
        "final_val_loss": -0.0301,
        "best_epoch": 17,
        "total_epochs": 30,
        "learning_rate": 0.0001
      }
    },
    "config": {
      "batch_size": 8,
      "learning_rate": 0.0001,
      "optimizer": "AdamW",
      "loss_function": "Multi-Task Focal Loss",
      "dataset_size": 273,
      "augmentation": "Medium"
    },
    "artifacts": {
      "model_path": "checkpoints/best_model.pth",
      "checkpoint_path": "checkpoints/checkpoint_epoch_17.pth",
      "training_logs": "logs/training_20260118.log",
      "metrics_file": "logs/training_20260118_status.json",
      "tensorboard_logs": "logs/"
    },
    "model_info": {
      "total_parameters": 11684154,
      "trainable_parameters": 11684154,
      "model_size_mb": 44.6,
      "input_shape": [
        3,
        224,
        224
      ],
      "output_classes": {
        "pattern": 9,
        "root_cause": 9
      }
    },
    "benchmarks": {
      "inference_time_ms": 15.2,
      "throughput_images_per_sec": 65.8,
      "memory_usage_mb": 512
    },
    "deployment": {
      "environment": "production",
      "endpoint": "/api/v1/inference/predict",
      "last_deployed": "2026-01-18T11:54:28.500028",
      "deployment_status": "active"
    }
  }
]