[
  {
    "wafer_id": "M34264.05_Near_Full1_aug11",
    "image_filename": "M34264.05_Near_Full1_aug11.png",
    "image_path": "C:\\VSMC\\VSMC-FAB_Investigayion_Tool\\wafer-defect-ap\\data\\wafer_images\\augmented\\M34264.05_Near_Full1_aug11.png",
    "pattern_class": "Near-Full",
    "root_cause": "Lithography Issues",
    "is_augmented": true,
    "original_wafer_id": "M34264.05_Near_Full1"
  },
  {
    "wafer_id": "M34264.02_Edge_Loc1",
    "image_filename": "M34264.02_Edge_Loc1.png",
    "image_path": "C:\\VSMC\\VSMC-FAB_Investigayion_Tool\\wafer-defect-ap\\data\\wafer_images\\M34264.02_Edge_Loc1.png",
    "pattern_class": "Edge-Loc",
    "root_cause": "Equipment Malfunction"
  },
  {
    "wafer_id": "M93242.01_test_wafer_aug12",
    "image_filename": "M93242.01_test_wafer_aug12.png",
    "image_path": "C:\\VSMC\\VSMC-FAB_Investigayion_Tool\\wafer-defect-ap\\data\\wafer_images\\augmented\\M93242.01_test_wafer_aug12.png",
    "pattern_class": "Mixed",
    "root_cause": "Unknown",
    "is_augmented": true,
    "original_wafer_id": "M93242.01_test_wafer"
  },
  {
    "wafer_id": "M34264.06_Random1_aug0",
    "image_filename": "M34264.06_Random1_aug0.png",
    "image_path": "C:\\VSMC\\VSMC-FAB_Investigayion_Tool\\wafer-defect-ap\\data\\wafer_images\\augmented\\M34264.06_Random1_aug0.png",
    "pattern_class": "Random",
    "root_cause": "Material Defects",
    "is_augmented": true,
    "original_wafer_id": "M34264.06_Random1"
  },
  {
    "wafer_id": "M34264.05_Near_Full1_aug14",
    "image_filename": "M34264.05_Near_Full1_aug14.png",
    "image_path": "C:\\VSMC\\VSMC-FAB_Investigayion_Tool\\wafer-defect-ap\\data\\wafer_images\\augmented\\M34264.05_Near_Full1_aug14.png",
    "pattern_class": "Near-Full",
    "root_cause": "Lithography Issues",
    "is_augmented": true,
    "original_wafer_id": "M34264.05_Near_Full1"
  },
  {
    "wafer_id": "M34264.01_Donut1_aug2",
    "image_filename": "M34264.01_Donut1_aug2.png",
    "image_path": "C:\\VSMC\\VSMC-FAB_Investigayion_Tool\\wafer-defect-ap\\data\\wafer_images\\augmented\\M34264.01_Donut1_aug2.png",
    "pattern_class": "Donut",
    "root_cause": "CMP Non-uniformity",
    "is_augmented": true,
    "original_wafer_id": "M34264.01_Donut1"
  },
  {
    "wafer_id": "M34264.01_center1_aug6",
    "image_filename": "M34264.01_center1_aug6.png",
    "image_path": "C:\\VSMC\\VSMC-FAB_Investigayion_Tool\\wafer-defect-ap\\data\\wafer_images\\augmented\\M34264.01_center1_aug6.png",
    "pattern_class": "Center",
    "root_cause": "CVD Process Variation",
    "is_augmented": true,
    "original_wafer_id": "M34264.01_center1"
  },
  {
    "wafer_id": "M34264.06_Random1",
    "image_filename": "M34264.06_Random1.png",
    "image_path": "C:\\VSMC\\VSMC-FAB_Investigayion_Tool\\wafer-defect-ap\\data\\wafer_images\\M34264.06_Random1.png",
    "pattern_class": "Random",
    "root_cause": "Material Defects"
  },
  {
    "wafer_id": "M34264.03_Edge_Ring1",
    "image_filename": "M34264.03_Edge_Ring1.png",
    "image_path": "C:\\VSMC\\VSMC-FAB_Investigayion_Tool\\wafer-defect-ap\\data\\wafer_images\\M34264.03_Edge_Ring1.png",
    "pattern_class": "Edge-Ring",
    "root_cause": "Etch Process Drift"
  },
  {
    "wafer_id": "M34264.07_Scrach1_aug19",
    "image_filename": "M34264.07_Scrach1_aug19.png",
    "image_path": "C:\\VSMC\\VSMC-FAB_Investigayion_Tool\\wafer-defect-ap\\data\\wafer_images\\augmented\\M34264.07_Scrach1_aug19.png",
    "pattern_class": "Scratch",
    "root_cause": "Equipment Malfunction",
    "is_augmented": true,
    "original_wafer_id": "M34264.07_Scrach1"
  },
  {
    "wafer_id": "M34264.07_Scrach1_aug17",
    "image_filename": "M34264.07_Scrach1_aug17.png",
    "image_path": "C:\\VSMC\\VSMC-FAB_Investigayion_Tool\\wafer-defect-ap\\data\\wafer_images\\augmented\\M34264.07_Scrach1_aug17.png",
    "pattern_class": "Scratch",
    "root_cause": "Equipment Malfunction",
    "is_augmented": true,
    "original_wafer_id": "M34264.07_Scrach1"
  },
  {
    "wafer_id": "M93242.01_test_wafer_aug16",
    "image_filename": "M93242.01_test_wafer_aug16.png",
    "image_path": "C:\\VSMC\\VSMC-FAB_Investigayion_Tool\\wafer-defect-ap\\data\\wafer_images\\augmented\\M93242.01_test_wafer_aug16.png",
    "pattern_class": "Mixed",
    "root_cause": "Unknown",
    "is_augmented": true,
    "original_wafer_id": "M93242.01_test_wafer"
  },
  {
    "wafer_id": "M93242.01_M93242.01_test_wafer_aug0",
    "image_filename": "M93242.01_M93242.01_test_wafer_aug0.png",
    "image_path": "C:\\VSMC\\VSMC-FAB_Investigayion_Tool\\wafer-defect-ap\\data\\wafer_images\\augmented\\M93242.01_M93242.01_test_wafer_aug0.png",
    "pattern_class": "Mixed",
    "root_cause": "Unknown",
    "is_augmented": true,
    "original_wafer_id": "M93242.01_M93242.01_test_wafer"
  },
  {
    "wafer_id": "M34264.05_Near_Full1_aug2",
    "image_filename": "M34264.05_Near_Full1_aug2.png",
    "image_path": "C:\\VSMC\\VSMC-FAB_Investigayion_Tool\\wafer-defect-ap\\data\\wafer_images\\augmented\\M34264.05_Near_Full1_aug2.png",
    "pattern_class": "Near-Full",
    "root_cause": "Lithography Issues",
    "is_augmented": true,
    "original_wafer_id": "M34264.05_Near_Full1"
  },
  {
    "wafer_id": "M34264.01_Donut1_aug17",
    "image_filename": "M34264.01_Donut1_aug17.png",
    "image_path": "C:\\VSMC\\VSMC-FAB_Investigayion_Tool\\wafer-defect-ap\\data\\wafer_images\\augmented\\M34264.01_Donut1_aug17.png",
    "pattern_class": "Donut",
    "root_cause": "CMP Non-uniformity",
    "is_augmented": true,
    "original_wafer_id": "M34264.01_Donut1"
  },
  {
    "wafer_id": "M34264.01_Donut1_aug11",
    "image_filename": "M34264.01_Donut1_aug11.png",
    "image_path": "C:\\VSMC\\VSMC-FAB_Investigayion_Tool\\wafer-defect-ap\\data\\wafer_images\\augmented\\M34264.01_Donut1_aug11.png",
    "pattern_class": "Donut",
    "root_cause": "CMP Non-uniformity",
    "is_augmented": true,
    "original_wafer_id": "M34264.01_Donut1"
  },
  {
    "wafer_id": "M34264.01_center1_aug11",
    "image_filename": "M34264.01_center1_aug11.png",
    "image_path": "C:\\VSMC\\VSMC-FAB_Investigayion_Tool\\wafer-defect-ap\\data\\wafer_images\\augmented\\M34264.01_center1_aug11.png",
    "pattern_class": "Center",
    "root_cause": "CVD Process Variation",
    "is_augmented": true,
    "original_wafer_id": "M34264.01_center1"
  },
  {
    "wafer_id": "Edge-Ring2_aug17",
    "image_filename": "Edge-Ring2_aug17.png",
    "image_path": "C:\\VSMC\\VSMC-FAB_Investigayion_Tool\\wafer-defect-ap\\data\\wafer_images\\augmented\\Edge-Ring2_aug17.png",
    "pattern_class": "Edge-Ring",
    "root_cause": "Etch Process Drift",
    "is_augmented": true,
    "original_wafer_id": "Edge-Ring2"
  },
  {
    "wafer_id": "M34264.02_Edge_Loc1_aug2",
    "image_filename": "M34264.02_Edge_Loc1_aug2.png",
    "image_path": "C:\\VSMC\\VSMC-FAB_Investigayion_Tool\\wafer-defect-ap\\data\\wafer_images\\augmented\\M34264.02_Edge_Loc1_aug2.png",
    "pattern_class": "Edge-Loc",
    "root_cause": "Equipment Malfunction",
    "is_augmented": true,
    "original_wafer_id": "M34264.02_Edge_Loc1"
  },
  {
    "wafer_id": "M34264.03_Edge_Ring1_aug11",
    "image_filename": "M34264.03_Edge_Ring1_aug11.png",
    "image_path": "C:\\VSMC\\VSMC-FAB_Investigayion_Tool\\wafer-defect-ap\\data\\wafer_images\\augmented\\M34264.03_Edge_Ring1_aug11.png",
    "pattern_class": "Edge-Ring",
    "root_cause": "Etch Process Drift",
    "is_augmented": true,
    "original_wafer_id": "M34264.03_Edge_Ring1"
  },
  {
    "wafer_id": "M34264.07_Scrach1_aug18",
    "image_filename": "M34264.07_Scrach1_aug18.png",
    "image_path": "C:\\VSMC\\VSMC-FAB_Investigayion_Tool\\wafer-defect-ap\\data\\wafer_images\\augmented\\M34264.07_Scrach1_aug18.png",
    "pattern_class": "Scratch",
    "root_cause": "Equipment Malfunction",
    "is_augmented": true,
    "original_wafer_id": "M34264.07_Scrach1"
  },
  {
    "wafer_id": "M34264.04_loc1_aug8",
    "image_filename": "M34264.04_loc1_aug8.png",
    "image_path": "C:\\VSMC\\VSMC-FAB_Investigayion_Tool\\wafer-defect-ap\\data\\wafer_images\\augmented\\M34264.04_loc1_aug8.png",
    "pattern_class": "Loc",
    "root_cause": "Particle Contamination",
    "is_augmented": true,
    "original_wafer_id": "M34264.04_loc1"
  },
  {
    "wafer_id": "M34264.06_Random1_aug10",
    "image_filename": "M34264.06_Random1_aug10.png",
    "image_path": "C:\\VSMC\\VSMC-FAB_Investigayion_Tool\\wafer-defect-ap\\data\\wafer_images\\augmented\\M34264.06_Random1_aug10.png",
    "pattern_class": "Random",
    "root_cause": "Material Defects",
    "is_augmented": true,
    "original_wafer_id": "M34264.06_Random1"
  },
  {
    "wafer_id": "Edge-Ring2_aug15",
    "image_filename": "Edge-Ring2_aug15.png",
    "image_path": "C:\\VSMC\\VSMC-FAB_Investigayion_Tool\\wafer-defect-ap\\data\\wafer_images\\augmented\\Edge-Ring2_aug15.png",
    "pattern_class": "Edge-Ring",
    "root_cause": "Etch Process Drift",
    "is_augmented": true,
    "original_wafer_id": "Edge-Ring2"
  },
  {
    "wafer_id": "M34264.01_Donut1_aug13",
    "image_filename": "M34264.01_Donut1_aug13.png",
    "image_path": "C:\\VSMC\\VSMC-FAB_Investigayion_Tool\\wafer-defect-ap\\data\\wafer_images\\augmented\\M34264.01_Donut1_aug13.png",
    "pattern_class": "Donut",
    "root_cause": "CMP Non-uniformity",
    "is_augmented": true,
    "original_wafer_id": "M34264.01_Donut1"
  },
  {
    "wafer_id": "M93242.01_M93242.01_test_wafer_aug4",
    "image_filename": "M93242.01_M93242.01_test_wafer_aug4.png",
    "image_path": "C:\\VSMC\\VSMC-FAB_Investigayion_Tool\\wafer-defect-ap\\data\\wafer_images\\augmented\\M93242.01_M93242.01_test_wafer_aug4.png",
    "pattern_class": "Mixed",
    "root_cause": "Unknown",
    "is_augmented": true,
    "original_wafer_id": "M93242.01_M93242.01_test_wafer"
  },
  {
    "wafer_id": "M34264.06_Random1_aug16",
    "image_filename": "M34264.06_Random1_aug16.png",
    "image_path": "C:\\VSMC\\VSMC-FAB_Investigayion_Tool\\wafer-defect-ap\\data\\wafer_images\\augmented\\M34264.06_Random1_aug16.png",
    "pattern_class": "Random",
    "root_cause": "Material Defects",
    "is_augmented": true,
    "original_wafer_id": "M34264.06_Random1"
  },
  {
    "wafer_id": "M34264.06_Random1_aug7",
    "image_filename": "M34264.06_Random1_aug7.png",
    "image_path": "C:\\VSMC\\VSMC-FAB_Investigayion_Tool\\wafer-defect-ap\\data\\wafer_images\\augmented\\M34264.06_Random1_aug7.png",
    "pattern_class": "Random",
    "root_cause": "Material Defects",
    "is_augmented": true,
    "original_wafer_id": "M34264.06_Random1"
  },
  {
    "wafer_id": "M34264.04_loc1_aug0",
    "image_filename": "M34264.04_loc1_aug0.png",
    "image_path": "C:\\VSMC\\VSMC-FAB_Investigayion_Tool\\wafer-defect-ap\\data\\wafer_images\\augmented\\M34264.04_loc1_aug0.png",
    "pattern_class": "Loc",
    "root_cause": "Particle Contamination",
    "is_augmented": true,
    "original_wafer_id": "M34264.04_loc1"
  },
  {
    "wafer_id": "M34264.07_Scrach1_aug5",
    "image_filename": "M34264.07_Scrach1_aug5.png",
    "image_path": "C:\\VSMC\\VSMC-FAB_Investigayion_Tool\\wafer-defect-ap\\data\\wafer_images\\augmented\\M34264.07_Scrach1_aug5.png",
    "pattern_class": "Scratch",
    "root_cause": "Equipment Malfunction",
    "is_augmented": true,
    "original_wafer_id": "M34264.07_Scrach1"
  },
  {
    "wafer_id": "M34264.07_Scrach1_aug4",
    "image_filename": "M34264.07_Scrach1_aug4.png",
    "image_path": "C:\\VSMC\\VSMC-FAB_Investigayion_Tool\\wafer-defect-ap\\data\\wafer_images\\augmented\\M34264.07_Scrach1_aug4.png",
    "pattern_class": "Scratch",
    "root_cause": "Equipment Malfunction",
    "is_augmented": true,
    "original_wafer_id": "M34264.07_Scrach1"
  },
  {
    "wafer_id": "M34264.07_Scrach1_aug6",
    "image_filename": "M34264.07_Scrach1_aug6.png",
    "image_path": "C:\\VSMC\\VSMC-FAB_Investigayion_Tool\\wafer-defect-ap\\data\\wafer_images\\augmented\\M34264.07_Scrach1_aug6.png",
    "pattern_class": "Scratch",
    "root_cause": "Equipment Malfunction",
    "is_augmented": true,
    "original_wafer_id": "M34264.07_Scrach1"
  },
  {
    "wafer_id": "M93242.01_M93242.01_test_wafer_aug3",
    "image_filename": "M93242.01_M93242.01_test_wafer_aug3.png",
    "image_path": "C:\\VSMC\\VSMC-FAB_Investigayion_Tool\\wafer-defect-ap\\data\\wafer_images\\augmented\\M93242.01_M93242.01_test_wafer_aug3.png",
    "pattern_class": "Mixed",
    "root_cause": "Unknown",
    "is_augmented": true,
    "original_wafer_id": "M93242.01_M93242.01_test_wafer"
  },
  {
    "wafer_id": "M12345.01_M93242.01_test_wafer_aug12",
    "image_filename": "M12345.01_M93242.01_test_wafer_aug12.png",
    "image_path": "C:\\VSMC\\VSMC-FAB_Investigayion_Tool\\wafer-defect-ap\\data\\wafer_images\\augmented\\M12345.01_M93242.01_test_wafer_aug12.png",
    "pattern_class": "Mixed",
    "root_cause": "Unknown",
    "is_augmented": true,
    "original_wafer_id": "M12345.01_M93242.01_test_wafer"
  },
  {
    "wafer_id": "Edge-Ring2_aug9",
    "image_filename": "Edge-Ring2_aug9.png",
    "image_path": "C:\\VSMC\\VSMC-FAB_Investigayion_Tool\\wafer-defect-ap\\data\\wafer_images\\augmented\\Edge-Ring2_aug9.png",
    "pattern_class": "Edge-Ring",
    "root_cause": "Etch Process Drift",
    "is_augmented": true,
    "original_wafer_id": "Edge-Ring2"
  },
  {
    "wafer_id": "M34264.02_Edge_Loc1_aug15",
    "image_filename": "M34264.02_Edge_Loc1_aug15.png",
    "image_path": "C:\\VSMC\\VSMC-FAB_Investigayion_Tool\\wafer-defect-ap\\data\\wafer_images\\augmented\\M34264.02_Edge_Loc1_aug15.png",
    "pattern_class": "Edge-Loc",
    "root_cause": "Equipment Malfunction",
    "is_augmented": true,
    "original_wafer_id": "M34264.02_Edge_Loc1"
  },
  {
    "wafer_id": "M34264.07_Scrach1_aug2",
    "image_filename": "M34264.07_Scrach1_aug2.png",
    "image_path": "C:\\VSMC\\VSMC-FAB_Investigayion_Tool\\wafer-defect-ap\\data\\wafer_images\\augmented\\M34264.07_Scrach1_aug2.png",
    "pattern_class": "Scratch",
    "root_cause": "Equipment Malfunction",
    "is_augmented": true,
    "original_wafer_id": "M34264.07_Scrach1"
  },
  {
    "wafer_id": "M34264.01_center1_aug9",
    "image_filename": "M34264.01_center1_aug9.png",
    "image_path": "C:\\VSMC\\VSMC-FAB_Investigayion_Tool\\wafer-defect-ap\\data\\wafer_images\\augmented\\M34264.01_center1_aug9.png",
    "pattern_class": "Center",
    "root_cause": "CVD Process Variation",
    "is_augmented": true,
    "original_wafer_id": "M34264.01_center1"
  },
  {
    "wafer_id": "Edge-Ring2_aug1",
    "image_filename": "Edge-Ring2_aug1.png",
    "image_path": "C:\\VSMC\\VSMC-FAB_Investigayion_Tool\\wafer-defect-ap\\data\\wafer_images\\augmented\\Edge-Ring2_aug1.png",
    "pattern_class": "Edge-Ring",
    "root_cause": "Etch Process Drift",
    "is_augmented": true,
    "original_wafer_id": "Edge-Ring2"
  },
  {
    "wafer_id": "M34264.02_Edge_Loc1_aug0",
    "image_filename": "M34264.02_Edge_Loc1_aug0.png",
    "image_path": "C:\\VSMC\\VSMC-FAB_Investigayion_Tool\\wafer-defect-ap\\data\\wafer_images\\augmented\\M34264.02_Edge_Loc1_aug0.png",
    "pattern_class": "Edge-Loc",
    "root_cause": "Equipment Malfunction",
    "is_augmented": true,
    "original_wafer_id": "M34264.02_Edge_Loc1"
  },
  {
    "wafer_id": "M34264.07_Scrach1_aug12",
    "image_filename": "M34264.07_Scrach1_aug12.png",
    "image_path": "C:\\VSMC\\VSMC-FAB_Investigayion_Tool\\wafer-defect-ap\\data\\wafer_images\\augmented\\M34264.07_Scrach1_aug12.png",
    "pattern_class": "Scratch",
    "root_cause": "Equipment Malfunction",
    "is_augmented": true,
    "original_wafer_id": "M34264.07_Scrach1"
  },
  {
    "wafer_id": "M34264.06_Random1_aug17",
    "image_filename": "M34264.06_Random1_aug17.png",
    "image_path": "C:\\VSMC\\VSMC-FAB_Investigayion_Tool\\wafer-defect-ap\\data\\wafer_images\\augmented\\M34264.06_Random1_aug17.png",
    "pattern_class": "Random",
    "root_cause": "Material Defects",
    "is_augmented": true,
    "original_wafer_id": "M34264.06_Random1"
  },
  {
    "wafer_id": "M93242.01_M93242.01_test_wafer_aug19",
    "image_filename": "M93242.01_M93242.01_test_wafer_aug19.png",
    "image_path": "C:\\VSMC\\VSMC-FAB_Investigayion_Tool\\wafer-defect-ap\\data\\wafer_images\\augmented\\M93242.01_M93242.01_test_wafer_aug19.png",
    "pattern_class": "Mixed",
    "root_cause": "Unknown",
    "is_augmented": true,
    "original_wafer_id": "M93242.01_M93242.01_test_wafer"
  },
  {
    "wafer_id": "Center2_aug19",
    "image_filename": "Center2_aug19.png",
    "image_path": "C:\\VSMC\\VSMC-FAB_Investigayion_Tool\\wafer-defect-ap\\data\\wafer_images\\augmented\\Center2_aug19.png",
    "pattern_class": "Center",
    "root_cause": "CVD Process Variation",
    "is_augmented": true,
    "original_wafer_id": "Center2"
  },
  {
    "wafer_id": "M34264.06_Random1_aug12",
    "image_filename": "M34264.06_Random1_aug12.png",
    "image_path": "C:\\VSMC\\VSMC-FAB_Investigayion_Tool\\wafer-defect-ap\\data\\wafer_images\\augmented\\M34264.06_Random1_aug12.png",
    "pattern_class": "Random",
    "root_cause": "Material Defects",
    "is_augmented": true,
    "original_wafer_id": "M34264.06_Random1"
  },
  {
    "wafer_id": "M34264.01_center1_aug5",
    "image_filename": "M34264.01_center1_aug5.png",
    "image_path": "C:\\VSMC\\VSMC-FAB_Investigayion_Tool\\wafer-defect-ap\\data\\wafer_images\\augmented\\M34264.01_center1_aug5.png",
    "pattern_class": "Center",
    "root_cause": "CVD Process Variation",
    "is_augmented": true,
    "original_wafer_id": "M34264.01_center1"
  },
  {
    "wafer_id": "M34264.07_Scrach1_aug14",
    "image_filename": "M34264.07_Scrach1_aug14.png",
    "image_path": "C:\\VSMC\\VSMC-FAB_Investigayion_Tool\\wafer-defect-ap\\data\\wafer_images\\augmented\\M34264.07_Scrach1_aug14.png",
    "pattern_class": "Scratch",
    "root_cause": "Equipment Malfunction",
    "is_augmented": true,
    "original_wafer_id": "M34264.07_Scrach1"
  },
  {
    "wafer_id": "M93242.01_test_wafer_aug13",
    "image_filename": "M93242.01_test_wafer_aug13.png",
    "image_path": "C:\\VSMC\\VSMC-FAB_Investigayion_Tool\\wafer-defect-ap\\data\\wafer_images\\augmented\\M93242.01_test_wafer_aug13.png",
    "pattern_class": "Mixed",
    "root_cause": "Unknown",
    "is_augmented": true,
    "original_wafer_id": "M93242.01_test_wafer"
  },
  {
    "wafer_id": "M34264.01_center1_aug0",
    "image_filename": "M34264.01_center1_aug0.png",
    "image_path": "C:\\VSMC\\VSMC-FAB_Investigayion_Tool\\wafer-defect-ap\\data\\wafer_images\\augmented\\M34264.01_center1_aug0.png",
    "pattern_class": "Center",
    "root_cause": "CVD Process Variation",
    "is_augmented": true,
    "original_wafer_id": "M34264.01_center1"
  },
  {
    "wafer_id": "M34264.01_center1",
    "image_filename": "M34264.01_center1.png",
    "image_path": "C:\\VSMC\\VSMC-FAB_Investigayion_Tool\\wafer-defect-ap\\data\\wafer_images\\M34264.01_center1.png",
    "pattern_class": "Center",
    "root_cause": "CVD Process Variation"
  },
  {
    "wafer_id": "M34264.03_Edge_Ring1_aug5",
    "image_filename": "M34264.03_Edge_Ring1_aug5.png",
    "image_path": "C:\\VSMC\\VSMC-FAB_Investigayion_Tool\\wafer-defect-ap\\data\\wafer_images\\augmented\\M34264.03_Edge_Ring1_aug5.png",
    "pattern_class": "Edge-Ring",
    "root_cause": "Etch Process Drift",
    "is_augmented": true,
    "original_wafer_id": "M34264.03_Edge_Ring1"
  },
  {
    "wafer_id": "Edge-Ring2_aug12",
    "image_filename": "Edge-Ring2_aug12.png",
    "image_path": "C:\\VSMC\\VSMC-FAB_Investigayion_Tool\\wafer-defect-ap\\data\\wafer_images\\augmented\\Edge-Ring2_aug12.png",
    "pattern_class": "Edge-Ring",
    "root_cause": "Etch Process Drift",
    "is_augmented": true,
    "original_wafer_id": "Edge-Ring2"
  },
  {
    "wafer_id": "M12345.01_M93242.01_test_wafer_aug8",
    "image_filename": "M12345.01_M93242.01_test_wafer_aug8.png",
    "image_path": "C:\\VSMC\\VSMC-FAB_Investigayion_Tool\\wafer-defect-ap\\data\\wafer_images\\augmented\\M12345.01_M93242.01_test_wafer_aug8.png",
    "pattern_class": "Mixed",
    "root_cause": "Unknown",
    "is_augmented": true,
    "original_wafer_id": "M12345.01_M93242.01_test_wafer"
  },
  {
    "wafer_id": "M34264.03_Edge_Ring1_aug15",
    "image_filename": "M34264.03_Edge_Ring1_aug15.png",
    "image_path": "C:\\VSMC\\VSMC-FAB_Investigayion_Tool\\wafer-defect-ap\\data\\wafer_images\\augmented\\M34264.03_Edge_Ring1_aug15.png",
    "pattern_class": "Edge-Ring",
    "root_cause": "Etch Process Drift",
    "is_augmented": true,
    "original_wafer_id": "M34264.03_Edge_Ring1"
  },
  {
    "wafer_id": "M12345.01_M93242.01_test_wafer_aug13",
    "image_filename": "M12345.01_M93242.01_test_wafer_aug13.png",
    "image_path": "C:\\VSMC\\VSMC-FAB_Investigayion_Tool\\wafer-defect-ap\\data\\wafer_images\\augmented\\M12345.01_M93242.01_test_wafer_aug13.png",
    "pattern_class": "Mixed",
    "root_cause": "Unknown",
    "is_augmented": true,
    "original_wafer_id": "M12345.01_M93242.01_test_wafer"
  },
  {
    "wafer_id": "M34264.02_Edge_Loc1_aug10",
    "image_filename": "M34264.02_Edge_Loc1_aug10.png",
    "image_path": "C:\\VSMC\\VSMC-FAB_Investigayion_Tool\\wafer-defect-ap\\data\\wafer_images\\augmented\\M34264.02_Edge_Loc1_aug10.png",
    "pattern_class": "Edge-Loc",
    "root_cause": "Equipment Malfunction",
    "is_augmented": true,
    "original_wafer_id": "M34264.02_Edge_Loc1"
  },
  {
    "wafer_id": "M34264.05_Near_Full1_aug0",
    "image_filename": "M34264.05_Near_Full1_aug0.png",
    "image_path": "C:\\VSMC\\VSMC-FAB_Investigayion_Tool\\wafer-defect-ap\\data\\wafer_images\\augmented\\M34264.05_Near_Full1_aug0.png",
    "pattern_class": "Near-Full",
    "root_cause": "Lithography Issues",
    "is_augmented": true,
    "original_wafer_id": "M34264.05_Near_Full1"
  },
  {
    "wafer_id": "M34264.04_loc1_aug11",
    "image_filename": "M34264.04_loc1_aug11.png",
    "image_path": "C:\\VSMC\\VSMC-FAB_Investigayion_Tool\\wafer-defect-ap\\data\\wafer_images\\augmented\\M34264.04_loc1_aug11.png",
    "pattern_class": "Loc",
    "root_cause": "Particle Contamination",
    "is_augmented": true,
    "original_wafer_id": "M34264.04_loc1"
  },
  {
    "wafer_id": "M34264.07_Scrach1_aug16",
    "image_filename": "M34264.07_Scrach1_aug16.png",
    "image_path": "C:\\VSMC\\VSMC-FAB_Investigayion_Tool\\wafer-defect-ap\\data\\wafer_images\\augmented\\M34264.07_Scrach1_aug16.png",
    "pattern_class": "Scratch",
    "root_cause": "Equipment Malfunction",
    "is_augmented": true,
    "original_wafer_id": "M34264.07_Scrach1"
  },
  {
    "wafer_id": "M93242.01_M93242.01_test_wafer_aug15",
    "image_filename": "M93242.01_M93242.01_test_wafer_aug15.png",
    "image_path": "C:\\VSMC\\VSMC-FAB_Investigayion_Tool\\wafer-defect-ap\\data\\wafer_images\\augmented\\M93242.01_M93242.01_test_wafer_aug15.png",
    "pattern_class": "Mixed",
    "root_cause": "Unknown",
    "is_augmented": true,
    "original_wafer_id": "M93242.01_M93242.01_test_wafer"
  },
  {
    "wafer_id": "M34264.07_Scrach1_aug8",
    "image_filename": "M34264.07_Scrach1_aug8.png",
    "image_path": "C:\\VSMC\\VSMC-FAB_Investigayion_Tool\\wafer-defect-ap\\data\\wafer_images\\augmented\\M34264.07_Scrach1_aug8.png",
    "pattern_class": "Scratch",
    "root_cause": "Equipment Malfunction",
    "is_augmented": true,
    "original_wafer_id": "M34264.07_Scrach1"
  },
  {
    "wafer_id": "M34264.01_Donut1",
    "image_filename": "M34264.01_Donut1.png",
    "image_path": "C:\\VSMC\\VSMC-FAB_Investigayion_Tool\\wafer-defect-ap\\data\\wafer_images\\M34264.01_Donut1.png",
    "pattern_class": "Donut",
    "root_cause": "CMP Non-uniformity"
  },
  {
    "wafer_id": "M34264.03_Edge_Ring1_aug0",
    "image_filename": "M34264.03_Edge_Ring1_aug0.png",
    "image_path": "C:\\VSMC\\VSMC-FAB_Investigayion_Tool\\wafer-defect-ap\\data\\wafer_images\\augmented\\M34264.03_Edge_Ring1_aug0.png",
    "pattern_class": "Edge-Ring",
    "root_cause": "Etch Process Drift",
    "is_augmented": true,
    "original_wafer_id": "M34264.03_Edge_Ring1"
  },
  {
    "wafer_id": "M93242.01_M93242.01_test_wafer_aug16",
    "image_filename": "M93242.01_M93242.01_test_wafer_aug16.png",
    "image_path": "C:\\VSMC\\VSMC-FAB_Investigayion_Tool\\wafer-defect-ap\\data\\wafer_images\\augmented\\M93242.01_M93242.01_test_wafer_aug16.png",
    "pattern_class": "Mixed",
    "root_cause": "Unknown",
    "is_augmented": true,
    "original_wafer_id": "M93242.01_M93242.01_test_wafer"
  },
  {
    "wafer_id": "M93242.01_test_wafer_aug9",
    "image_filename": "M93242.01_test_wafer_aug9.png",
    "image_path": "C:\\VSMC\\VSMC-FAB_Investigayion_Tool\\wafer-defect-ap\\data\\wafer_images\\augmented\\M93242.01_test_wafer_aug9.png",
    "pattern_class": "Mixed",
    "root_cause": "Unknown",
    "is_augmented": true,
    "original_wafer_id": "M93242.01_test_wafer"
  },
  {
    "wafer_id": "M93242.01_test_wafer_aug19",
    "image_filename": "M93242.01_test_wafer_aug19.png",
    "image_path": "C:\\VSMC\\VSMC-FAB_Investigayion_Tool\\wafer-defect-ap\\data\\wafer_images\\augmented\\M93242.01_test_wafer_aug19.png",
    "pattern_class": "Mixed",
    "root_cause": "Unknown",
    "is_augmented": true,
    "original_wafer_id": "M93242.01_test_wafer"
  },
  {
    "wafer_id": "M34264.03_Edge_Ring1_aug13",
    "image_filename": "M34264.03_Edge_Ring1_aug13.png",
    "image_path": "C:\\VSMC\\VSMC-FAB_Investigayion_Tool\\wafer-defect-ap\\data\\wafer_images\\augmented\\M34264.03_Edge_Ring1_aug13.png",
    "pattern_class": "Edge-Ring",
    "root_cause": "Etch Process Drift",
    "is_augmented": true,
    "original_wafer_id": "M34264.03_Edge_Ring1"
  },
  {
    "wafer_id": "M34264.01_Donut1_aug10",
    "image_filename": "M34264.01_Donut1_aug10.png",
    "image_path": "C:\\VSMC\\VSMC-FAB_Investigayion_Tool\\wafer-defect-ap\\data\\wafer_images\\augmented\\M34264.01_Donut1_aug10.png",
    "pattern_class": "Donut",
    "root_cause": "CMP Non-uniformity",
    "is_augmented": true,
    "original_wafer_id": "M34264.01_Donut1"
  },
  {
    "wafer_id": "Edge-Ring2_aug18",
    "image_filename": "Edge-Ring2_aug18.png",
    "image_path": "C:\\VSMC\\VSMC-FAB_Investigayion_Tool\\wafer-defect-ap\\data\\wafer_images\\augmented\\Edge-Ring2_aug18.png",
    "pattern_class": "Edge-Ring",
    "root_cause": "Etch Process Drift",
    "is_augmented": true,
    "original_wafer_id": "Edge-Ring2"
  },
  {
    "wafer_id": "M93242.01_M93242.01_test_wafer_aug14",
    "image_filename": "M93242.01_M93242.01_test_wafer_aug14.png",
    "image_path": "C:\\VSMC\\VSMC-FAB_Investigayion_Tool\\wafer-defect-ap\\data\\wafer_images\\augmented\\M93242.01_M93242.01_test_wafer_aug14.png",
    "pattern_class": "Mixed",
    "root_cause": "Unknown",
    "is_augmented": true,
    "original_wafer_id": "M93242.01_M93242.01_test_wafer"
  },
  {
    "wafer_id": "M34264.01_Donut1_aug12",
    "image_filename": "M34264.01_Donut1_aug12.png",
    "image_path": "C:\\VSMC\\VSMC-FAB_Investigayion_Tool\\wafer-defect-ap\\data\\wafer_images\\augmented\\M34264.01_Donut1_aug12.png",
    "pattern_class": "Donut",
    "root_cause": "CMP Non-uniformity",
    "is_augmented": true,
    "original_wafer_id": "M34264.01_Donut1"
  },
  {
    "wafer_id": "M34264.01_Donut1_aug7",
    "image_filename": "M34264.01_Donut1_aug7.png",
    "image_path": "C:\\VSMC\\VSMC-FAB_Investigayion_Tool\\wafer-defect-ap\\data\\wafer_images\\augmented\\M34264.01_Donut1_aug7.png",
    "pattern_class": "Donut",
    "root_cause": "CMP Non-uniformity",
    "is_augmented": true,
    "original_wafer_id": "M34264.01_Donut1"
  },
  {
    "wafer_id": "Center2_aug14",
    "image_filename": "Center2_aug14.png",
    "image_path": "C:\\VSMC\\VSMC-FAB_Investigayion_Tool\\wafer-defect-ap\\data\\wafer_images\\augmented\\Center2_aug14.png",
    "pattern_class": "Center",
    "root_cause": "CVD Process Variation",
    "is_augmented": true,
    "original_wafer_id": "Center2"
  },
  {
    "wafer_id": "M34264.05_Near_Full1_aug12",
    "image_filename": "M34264.05_Near_Full1_aug12.png",
    "image_path": "C:\\VSMC\\VSMC-FAB_Investigayion_Tool\\wafer-defect-ap\\data\\wafer_images\\augmented\\M34264.05_Near_Full1_aug12.png",
    "pattern_class": "Near-Full",
    "root_cause": "Lithography Issues",
    "is_augmented": true,
    "original_wafer_id": "M34264.05_Near_Full1"
  },
  {
    "wafer_id": "M34264.03_Edge_Ring1_aug2",
    "image_filename": "M34264.03_Edge_Ring1_aug2.png",
    "image_path": "C:\\VSMC\\VSMC-FAB_Investigayion_Tool\\wafer-defect-ap\\data\\wafer_images\\augmented\\M34264.03_Edge_Ring1_aug2.png",
    "pattern_class": "Edge-Ring",
    "root_cause": "Etch Process Drift",
    "is_augmented": true,
    "original_wafer_id": "M34264.03_Edge_Ring1"
  },
  {
    "wafer_id": "M34264.06_Random1_aug18",
    "image_filename": "M34264.06_Random1_aug18.png",
    "image_path": "C:\\VSMC\\VSMC-FAB_Investigayion_Tool\\wafer-defect-ap\\data\\wafer_images\\augmented\\M34264.06_Random1_aug18.png",
    "pattern_class": "Random",
    "root_cause": "Material Defects",
    "is_augmented": true,
    "original_wafer_id": "M34264.06_Random1"
  },
  {
    "wafer_id": "Center2_aug8",
    "image_filename": "Center2_aug8.png",
    "image_path": "C:\\VSMC\\VSMC-FAB_Investigayion_Tool\\wafer-defect-ap\\data\\wafer_images\\augmented\\Center2_aug8.png",
    "pattern_class": "Center",
    "root_cause": "CVD Process Variation",
    "is_augmented": true,
    "original_wafer_id": "Center2"
  },
  {
    "wafer_id": "M12345.01_M93242.01_test_wafer_aug17",
    "image_filename": "M12345.01_M93242.01_test_wafer_aug17.png",
    "image_path": "C:\\VSMC\\VSMC-FAB_Investigayion_Tool\\wafer-defect-ap\\data\\wafer_images\\augmented\\M12345.01_M93242.01_test_wafer_aug17.png",
    "pattern_class": "Mixed",
    "root_cause": "Unknown",
    "is_augmented": true,
    "original_wafer_id": "M12345.01_M93242.01_test_wafer"
  },
  {
    "wafer_id": "M12345.01_M93242.01_test_wafer_aug7",
    "image_filename": "M12345.01_M93242.01_test_wafer_aug7.png",
    "image_path": "C:\\VSMC\\VSMC-FAB_Investigayion_Tool\\wafer-defect-ap\\data\\wafer_images\\augmented\\M12345.01_M93242.01_test_wafer_aug7.png",
    "pattern_class": "Mixed",
    "root_cause": "Unknown",
    "is_augmented": true,
    "original_wafer_id": "M12345.01_M93242.01_test_wafer"
  },
  {
    "wafer_id": "M34264.02_Edge_Loc1_aug7",
    "image_filename": "M34264.02_Edge_Loc1_aug7.png",
    "image_path": "C:\\VSMC\\VSMC-FAB_Investigayion_Tool\\wafer-defect-ap\\data\\wafer_images\\augmented\\M34264.02_Edge_Loc1_aug7.png",
    "pattern_class": "Edge-Loc",
    "root_cause": "Equipment Malfunction",
    "is_augmented": true,
    "original_wafer_id": "M34264.02_Edge_Loc1"
  },
  {
    "wafer_id": "M34264.05_Near_Full1_aug10",
    "image_filename": "M34264.05_Near_Full1_aug10.png",
    "image_path": "C:\\VSMC\\VSMC-FAB_Investigayion_Tool\\wafer-defect-ap\\data\\wafer_images\\augmented\\M34264.05_Near_Full1_aug10.png",
    "pattern_class": "Near-Full",
    "root_cause": "Lithography Issues",
    "is_augmented": true,
    "original_wafer_id": "M34264.05_Near_Full1"
  },
  {
    "wafer_id": "M34264.02_Edge_Loc1_aug16",
    "image_filename": "M34264.02_Edge_Loc1_aug16.png",
    "image_path": "C:\\VSMC\\VSMC-FAB_Investigayion_Tool\\wafer-defect-ap\\data\\wafer_images\\augmented\\M34264.02_Edge_Loc1_aug16.png",
    "pattern_class": "Edge-Loc",
    "root_cause": "Equipment Malfunction",
    "is_augmented": true,
    "original_wafer_id": "M34264.02_Edge_Loc1"
  },
  {
    "wafer_id": "M34264.04_loc1_aug17",
    "image_filename": "M34264.04_loc1_aug17.png",
    "image_path": "C:\\VSMC\\VSMC-FAB_Investigayion_Tool\\wafer-defect-ap\\data\\wafer_images\\augmented\\M34264.04_loc1_aug17.png",
    "pattern_class": "Loc",
    "root_cause": "Particle Contamination",
    "is_augmented": true,
    "original_wafer_id": "M34264.04_loc1"
  },
  {
    "wafer_id": "M93242.01_M93242.01_test_wafer_aug5",
    "image_filename": "M93242.01_M93242.01_test_wafer_aug5.png",
    "image_path": "C:\\VSMC\\VSMC-FAB_Investigayion_Tool\\wafer-defect-ap\\data\\wafer_images\\augmented\\M93242.01_M93242.01_test_wafer_aug5.png",
    "pattern_class": "Mixed",
    "root_cause": "Unknown",
    "is_augmented": true,
    "original_wafer_id": "M93242.01_M93242.01_test_wafer"
  },
  {
    "wafer_id": "M34264.01_center1_aug12",
    "image_filename": "M34264.01_center1_aug12.png",
    "image_path": "C:\\VSMC\\VSMC-FAB_Investigayion_Tool\\wafer-defect-ap\\data\\wafer_images\\augmented\\M34264.01_center1_aug12.png",
    "pattern_class": "Center",
    "root_cause": "CVD Process Variation",
    "is_augmented": true,
    "original_wafer_id": "M34264.01_center1"
  },
  {
    "wafer_id": "M34264.07_Scrach1",
    "image_filename": "M34264.07_Scrach1.png",
    "image_path": "C:\\VSMC\\VSMC-FAB_Investigayion_Tool\\wafer-defect-ap\\data\\wafer_images\\M34264.07_Scrach1.png",
    "pattern_class": "Scratch",
    "root_cause": "Equipment Malfunction"
  },
  {
    "wafer_id": "M12345.01_M93242.01_test_wafer_aug19",
    "image_filename": "M12345.01_M93242.01_test_wafer_aug19.png",
    "image_path": "C:\\VSMC\\VSMC-FAB_Investigayion_Tool\\wafer-defect-ap\\data\\wafer_images\\augmented\\M12345.01_M93242.01_test_wafer_aug19.png",
    "pattern_class": "Mixed",
    "root_cause": "Unknown",
    "is_augmented": true,
    "original_wafer_id": "M12345.01_M93242.01_test_wafer"
  },
  {
    "wafer_id": "M34264.01_center1_aug16",
    "image_filename": "M34264.01_center1_aug16.png",
    "image_path": "C:\\VSMC\\VSMC-FAB_Investigayion_Tool\\wafer-defect-ap\\data\\wafer_images\\augmented\\M34264.01_center1_aug16.png",
    "pattern_class": "Center",
    "root_cause": "CVD Process Variation",
    "is_augmented": true,
    "original_wafer_id": "M34264.01_center1"
  },
  {
    "wafer_id": "M34264.04_loc1",
    "image_filename": "M34264.04_loc1.png",
    "image_path": "C:\\VSMC\\VSMC-FAB_Investigayion_Tool\\wafer-defect-ap\\data\\wafer_images\\M34264.04_loc1.png",
    "pattern_class": "Loc",
    "root_cause": "Particle Contamination"
  },
  {
    "wafer_id": "Center2_aug17",
    "image_filename": "Center2_aug17.png",
    "image_path": "C:\\VSMC\\VSMC-FAB_Investigayion_Tool\\wafer-defect-ap\\data\\wafer_images\\augmented\\Center2_aug17.png",
    "pattern_class": "Center",
    "root_cause": "CVD Process Variation",
    "is_augmented": true,
    "original_wafer_id": "Center2"
  },
  {
    "wafer_id": "M34264.03_Edge_Ring1_aug6",
    "image_filename": "M34264.03_Edge_Ring1_aug6.png",
    "image_path": "C:\\VSMC\\VSMC-FAB_Investigayion_Tool\\wafer-defect-ap\\data\\wafer_images\\augmented\\M34264.03_Edge_Ring1_aug6.png",
    "pattern_class": "Edge-Ring",
    "root_cause": "Etch Process Drift",
    "is_augmented": true,
    "original_wafer_id": "M34264.03_Edge_Ring1"
  },
  {
    "wafer_id": "Edge-Ring2_aug13",
    "image_filename": "Edge-Ring2_aug13.png",
    "image_path": "C:\\VSMC\\VSMC-FAB_Investigayion_Tool\\wafer-defect-ap\\data\\wafer_images\\augmented\\Edge-Ring2_aug13.png",
    "pattern_class": "Edge-Ring",
    "root_cause": "Etch Process Drift",
    "is_augmented": true,
    "original_wafer_id": "Edge-Ring2"
  },
  {
    "wafer_id": "M34264.04_loc1_aug19",
    "image_filename": "M34264.04_loc1_aug19.png",
    "image_path": "C:\\VSMC\\VSMC-FAB_Investigayion_Tool\\wafer-defect-ap\\data\\wafer_images\\augmented\\M34264.04_loc1_aug19.png",
    "pattern_class": "Loc",
    "root_cause": "Particle Contamination",
    "is_augmented": true,
    "original_wafer_id": "M34264.04_loc1"
  },
  {
    "wafer_id": "M34264.02_Edge_Loc1_aug18",
    "image_filename": "M34264.02_Edge_Loc1_aug18.png",
    "image_path": "C:\\VSMC\\VSMC-FAB_Investigayion_Tool\\wafer-defect-ap\\data\\wafer_images\\augmented\\M34264.02_Edge_Loc1_aug18.png",
    "pattern_class": "Edge-Loc",
    "root_cause": "Equipment Malfunction",
    "is_augmented": true,
    "original_wafer_id": "M34264.02_Edge_Loc1"
  },
  {
    "wafer_id": "M34264.05_Near_Full1_aug9",
    "image_filename": "M34264.05_Near_Full1_aug9.png",
    "image_path": "C:\\VSMC\\VSMC-FAB_Investigayion_Tool\\wafer-defect-ap\\data\\wafer_images\\augmented\\M34264.05_Near_Full1_aug9.png",
    "pattern_class": "Near-Full",
    "root_cause": "Lithography Issues",
    "is_augmented": true,
    "original_wafer_id": "M34264.05_Near_Full1"
  },
  {
    "wafer_id": "M34264.05_Near_Full1_aug8",
    "image_filename": "M34264.05_Near_Full1_aug8.png",
    "image_path": "C:\\VSMC\\VSMC-FAB_Investigayion_Tool\\wafer-defect-ap\\data\\wafer_images\\augmented\\M34264.05_Near_Full1_aug8.png",
    "pattern_class": "Near-Full",
    "root_cause": "Lithography Issues",
    "is_augmented": true,
    "original_wafer_id": "M34264.05_Near_Full1"
  },
  {
    "wafer_id": "M34264.01_center1_aug3",
    "image_filename": "M34264.01_center1_aug3.png",
    "image_path": "C:\\VSMC\\VSMC-FAB_Investigayion_Tool\\wafer-defect-ap\\data\\wafer_images\\augmented\\M34264.01_center1_aug3.png",
    "pattern_class": "Center",
    "root_cause": "CVD Process Variation",
    "is_augmented": true,
    "original_wafer_id": "M34264.01_center1"
  },
  {
    "wafer_id": "M34264.02_Edge_Loc1_aug9",
    "image_filename": "M34264.02_Edge_Loc1_aug9.png",
    "image_path": "C:\\VSMC\\VSMC-FAB_Investigayion_Tool\\wafer-defect-ap\\data\\wafer_images\\augmented\\M34264.02_Edge_Loc1_aug9.png",
    "pattern_class": "Edge-Loc",
    "root_cause": "Equipment Malfunction",
    "is_augmented": true,
    "original_wafer_id": "M34264.02_Edge_Loc1"
  },
  {
    "wafer_id": "M34264.03_Edge_Ring1_aug19",
    "image_filename": "M34264.03_Edge_Ring1_aug19.png",
    "image_path": "C:\\VSMC\\VSMC-FAB_Investigayion_Tool\\wafer-defect-ap\\data\\wafer_images\\augmented\\M34264.03_Edge_Ring1_aug19.png",
    "pattern_class": "Edge-Ring",
    "root_cause": "Etch Process Drift",
    "is_augmented": true,
    "original_wafer_id": "M34264.03_Edge_Ring1"
  },
  {
    "wafer_id": "M34264.01_Donut1_aug6",
    "image_filename": "M34264.01_Donut1_aug6.png",
    "image_path": "C:\\VSMC\\VSMC-FAB_Investigayion_Tool\\wafer-defect-ap\\data\\wafer_images\\augmented\\M34264.01_Donut1_aug6.png",
    "pattern_class": "Donut",
    "root_cause": "CMP Non-uniformity",
    "is_augmented": true,
    "original_wafer_id": "M34264.01_Donut1"
  },
  {
    "wafer_id": "M93242.01_M93242.01_test_wafer_aug11",
    "image_filename": "M93242.01_M93242.01_test_wafer_aug11.png",
    "image_path": "C:\\VSMC\\VSMC-FAB_Investigayion_Tool\\wafer-defect-ap\\data\\wafer_images\\augmented\\M93242.01_M93242.01_test_wafer_aug11.png",
    "pattern_class": "Mixed",
    "root_cause": "Unknown",
    "is_augmented": true,
    "original_wafer_id": "M93242.01_M93242.01_test_wafer"
  },
  {
    "wafer_id": "M34264.02_Edge_Loc1_aug11",
    "image_filename": "M34264.02_Edge_Loc1_aug11.png",
    "image_path": "C:\\VSMC\\VSMC-FAB_Investigayion_Tool\\wafer-defect-ap\\data\\wafer_images\\augmented\\M34264.02_Edge_Loc1_aug11.png",
    "pattern_class": "Edge-Loc",
    "root_cause": "Equipment Malfunction",
    "is_augmented": true,
    "original_wafer_id": "M34264.02_Edge_Loc1"
  },
  {
    "wafer_id": "M34264.06_Random1_aug6",
    "image_filename": "M34264.06_Random1_aug6.png",
    "image_path": "C:\\VSMC\\VSMC-FAB_Investigayion_Tool\\wafer-defect-ap\\data\\wafer_images\\augmented\\M34264.06_Random1_aug6.png",
    "pattern_class": "Random",
    "root_cause": "Material Defects",
    "is_augmented": true,
    "original_wafer_id": "M34264.06_Random1"
  },
  {
    "wafer_id": "M93242.01_test_wafer_aug8",
    "image_filename": "M93242.01_test_wafer_aug8.png",
    "image_path": "C:\\VSMC\\VSMC-FAB_Investigayion_Tool\\wafer-defect-ap\\data\\wafer_images\\augmented\\M93242.01_test_wafer_aug8.png",
    "pattern_class": "Mixed",
    "root_cause": "Unknown",
    "is_augmented": true,
    "original_wafer_id": "M93242.01_test_wafer"
  },
  {
    "wafer_id": "Center2_aug6",
    "image_filename": "Center2_aug6.png",
    "image_path": "C:\\VSMC\\VSMC-FAB_Investigayion_Tool\\wafer-defect-ap\\data\\wafer_images\\augmented\\Center2_aug6.png",
    "pattern_class": "Center",
    "root_cause": "CVD Process Variation",
    "is_augmented": true,
    "original_wafer_id": "Center2"
  },
  {
    "wafer_id": "M34264.06_Random1_aug9",
    "image_filename": "M34264.06_Random1_aug9.png",
    "image_path": "C:\\VSMC\\VSMC-FAB_Investigayion_Tool\\wafer-defect-ap\\data\\wafer_images\\augmented\\M34264.06_Random1_aug9.png",
    "pattern_class": "Random",
    "root_cause": "Material Defects",
    "is_augmented": true,
    "original_wafer_id": "M34264.06_Random1"
  },
  {
    "wafer_id": "M34264.01_center1_aug4",
    "image_filename": "M34264.01_center1_aug4.png",
    "image_path": "C:\\VSMC\\VSMC-FAB_Investigayion_Tool\\wafer-defect-ap\\data\\wafer_images\\augmented\\M34264.01_center1_aug4.png",
    "pattern_class": "Center",
    "root_cause": "CVD Process Variation",
    "is_augmented": true,
    "original_wafer_id": "M34264.01_center1"
  },
  {
    "wafer_id": "M93242.01_test_wafer_aug0",
    "image_filename": "M93242.01_test_wafer_aug0.png",
    "image_path": "C:\\VSMC\\VSMC-FAB_Investigayion_Tool\\wafer-defect-ap\\data\\wafer_images\\augmented\\M93242.01_test_wafer_aug0.png",
    "pattern_class": "Mixed",
    "root_cause": "Unknown",
    "is_augmented": true,
    "original_wafer_id": "M93242.01_test_wafer"
  },
  {
    "wafer_id": "M34264.01_center1_aug8",
    "image_filename": "M34264.01_center1_aug8.png",
    "image_path": "C:\\VSMC\\VSMC-FAB_Investigayion_Tool\\wafer-defect-ap\\data\\wafer_images\\augmented\\M34264.01_center1_aug8.png",
    "pattern_class": "Center",
    "root_cause": "CVD Process Variation",
    "is_augmented": true,
    "original_wafer_id": "M34264.01_center1"
  },
  {
    "wafer_id": "M34264.01_Donut1_aug14",
    "image_filename": "M34264.01_Donut1_aug14.png",
    "image_path": "C:\\VSMC\\VSMC-FAB_Investigayion_Tool\\wafer-defect-ap\\data\\wafer_images\\augmented\\M34264.01_Donut1_aug14.png",
    "pattern_class": "Donut",
    "root_cause": "CMP Non-uniformity",
    "is_augmented": true,
    "original_wafer_id": "M34264.01_Donut1"
  },
  {
    "wafer_id": "Edge-Ring2_aug5",
    "image_filename": "Edge-Ring2_aug5.png",
    "image_path": "C:\\VSMC\\VSMC-FAB_Investigayion_Tool\\wafer-defect-ap\\data\\wafer_images\\augmented\\Edge-Ring2_aug5.png",
    "pattern_class": "Edge-Ring",
    "root_cause": "Etch Process Drift",
    "is_augmented": true,
    "original_wafer_id": "Edge-Ring2"
  },
  {
    "wafer_id": "M34264.05_Near_Full1_aug4",
    "image_filename": "M34264.05_Near_Full1_aug4.png",
    "image_path": "C:\\VSMC\\VSMC-FAB_Investigayion_Tool\\wafer-defect-ap\\data\\wafer_images\\augmented\\M34264.05_Near_Full1_aug4.png",
    "pattern_class": "Near-Full",
    "root_cause": "Lithography Issues",
    "is_augmented": true,
    "original_wafer_id": "M34264.05_Near_Full1"
  },
  {
    "wafer_id": "M93242.01_test_wafer_aug7",
    "image_filename": "M93242.01_test_wafer_aug7.png",
    "image_path": "C:\\VSMC\\VSMC-FAB_Investigayion_Tool\\wafer-defect-ap\\data\\wafer_images\\augmented\\M93242.01_test_wafer_aug7.png",
    "pattern_class": "Mixed",
    "root_cause": "Unknown",
    "is_augmented": true,
    "original_wafer_id": "M93242.01_test_wafer"
  },
  {
    "wafer_id": "M93242.01_test_wafer_aug4",
    "image_filename": "M93242.01_test_wafer_aug4.png",
    "image_path": "C:\\VSMC\\VSMC-FAB_Investigayion_Tool\\wafer-defect-ap\\data\\wafer_images\\augmented\\M93242.01_test_wafer_aug4.png",
    "pattern_class": "Mixed",
    "root_cause": "Unknown",
    "is_augmented": true,
    "original_wafer_id": "M93242.01_test_wafer"
  },
  {
    "wafer_id": "M34264.04_loc1_aug6",
    "image_filename": "M34264.04_loc1_aug6.png",
    "image_path": "C:\\VSMC\\VSMC-FAB_Investigayion_Tool\\wafer-defect-ap\\data\\wafer_images\\augmented\\M34264.04_loc1_aug6.png",
    "pattern_class": "Loc",
    "root_cause": "Particle Contamination",
    "is_augmented": true,
    "original_wafer_id": "M34264.04_loc1"
  },
  {
    "wafer_id": "Center2_aug9",
    "image_filename": "Center2_aug9.png",
    "image_path": "C:\\VSMC\\VSMC-FAB_Investigayion_Tool\\wafer-defect-ap\\data\\wafer_images\\augmented\\Center2_aug9.png",
    "pattern_class": "Center",
    "root_cause": "CVD Process Variation",
    "is_augmented": true,
    "original_wafer_id": "Center2"
  },
  {
    "wafer_id": "M34264.03_Edge_Ring1_aug1",
    "image_filename": "M34264.03_Edge_Ring1_aug1.png",
    "image_path": "C:\\VSMC\\VSMC-FAB_Investigayion_Tool\\wafer-defect-ap\\data\\wafer_images\\augmented\\M34264.03_Edge_Ring1_aug1.png",
    "pattern_class": "Edge-Ring",
    "root_cause": "Etch Process Drift",
    "is_augmented": true,
    "original_wafer_id": "M34264.03_Edge_Ring1"
  },
  {
    "wafer_id": "M34264.02_Edge_Loc1_aug19",
    "image_filename": "M34264.02_Edge_Loc1_aug19.png",
    "image_path": "C:\\VSMC\\VSMC-FAB_Investigayion_Tool\\wafer-defect-ap\\data\\wafer_images\\augmented\\M34264.02_Edge_Loc1_aug19.png",
    "pattern_class": "Edge-Loc",
    "root_cause": "Equipment Malfunction",
    "is_augmented": true,
    "original_wafer_id": "M34264.02_Edge_Loc1"
  },
  {
    "wafer_id": "Edge-Ring2_aug0",
    "image_filename": "Edge-Ring2_aug0.png",
    "image_path": "C:\\VSMC\\VSMC-FAB_Investigayion_Tool\\wafer-defect-ap\\data\\wafer_images\\augmented\\Edge-Ring2_aug0.png",
    "pattern_class": "Edge-Ring",
    "root_cause": "Etch Process Drift",
    "is_augmented": true,
    "original_wafer_id": "Edge-Ring2"
  },
  {
    "wafer_id": "M34264.02_Edge_Loc1_aug8",
    "image_filename": "M34264.02_Edge_Loc1_aug8.png",
    "image_path": "C:\\VSMC\\VSMC-FAB_Investigayion_Tool\\wafer-defect-ap\\data\\wafer_images\\augmented\\M34264.02_Edge_Loc1_aug8.png",
    "pattern_class": "Edge-Loc",
    "root_cause": "Equipment Malfunction",
    "is_augmented": true,
    "original_wafer_id": "M34264.02_Edge_Loc1"
  },
  {
    "wafer_id": "M34264.01_Donut1_aug19",
    "image_filename": "M34264.01_Donut1_aug19.png",
    "image_path": "C:\\VSMC\\VSMC-FAB_Investigayion_Tool\\wafer-defect-ap\\data\\wafer_images\\augmented\\M34264.01_Donut1_aug19.png",
    "pattern_class": "Donut",
    "root_cause": "CMP Non-uniformity",
    "is_augmented": true,
    "original_wafer_id": "M34264.01_Donut1"
  },
  {
    "wafer_id": "M34264.07_Scrach1_aug0",
    "image_filename": "M34264.07_Scrach1_aug0.png",
    "image_path": "C:\\VSMC\\VSMC-FAB_Investigayion_Tool\\wafer-defect-ap\\data\\wafer_images\\augmented\\M34264.07_Scrach1_aug0.png",
    "pattern_class": "Scratch",
    "root_cause": "Equipment Malfunction",
    "is_augmented": true,
    "original_wafer_id": "M34264.07_Scrach1"
  },
  {
    "wafer_id": "Center2",
    "image_filename": "Center2.png",
    "image_path": "C:\\VSMC\\VSMC-FAB_Investigayion_Tool\\wafer-defect-ap\\data\\wafer_images\\Center2.png",
    "pattern_class": "Center",
    "root_cause": "CVD Process Variation"
  },
  {
    "wafer_id": "M34264.05_Near_Full1_aug19",
    "image_filename": "M34264.05_Near_Full1_aug19.png",
    "image_path": "C:\\VSMC\\VSMC-FAB_Investigayion_Tool\\wafer-defect-ap\\data\\wafer_images\\augmented\\M34264.05_Near_Full1_aug19.png",
    "pattern_class": "Near-Full",
    "root_cause": "Lithography Issues",
    "is_augmented": true,
    "original_wafer_id": "M34264.05_Near_Full1"
  },
  {
    "wafer_id": "M34264.06_Random1_aug11",
    "image_filename": "M34264.06_Random1_aug11.png",
    "image_path": "C:\\VSMC\\VSMC-FAB_Investigayion_Tool\\wafer-defect-ap\\data\\wafer_images\\augmented\\M34264.06_Random1_aug11.png",
    "pattern_class": "Random",
    "root_cause": "Material Defects",
    "is_augmented": true,
    "original_wafer_id": "M34264.06_Random1"
  },
  {
    "wafer_id": "M93242.01_M93242.01_test_wafer_aug6",
    "image_filename": "M93242.01_M93242.01_test_wafer_aug6.png",
    "image_path": "C:\\VSMC\\VSMC-FAB_Investigayion_Tool\\wafer-defect-ap\\data\\wafer_images\\augmented\\M93242.01_M93242.01_test_wafer_aug6.png",
    "pattern_class": "Mixed",
    "root_cause": "Unknown",
    "is_augmented": true,
    "original_wafer_id": "M93242.01_M93242.01_test_wafer"
  },
  {
    "wafer_id": "Edge-Ring2_aug4",
    "image_filename": "Edge-Ring2_aug4.png",
    "image_path": "C:\\VSMC\\VSMC-FAB_Investigayion_Tool\\wafer-defect-ap\\data\\wafer_images\\augmented\\Edge-Ring2_aug4.png",
    "pattern_class": "Edge-Ring",
    "root_cause": "Etch Process Drift",
    "is_augmented": true,
    "original_wafer_id": "Edge-Ring2"
  },
  {
    "wafer_id": "M93242.01_test_wafer_aug17",
    "image_filename": "M93242.01_test_wafer_aug17.png",
    "image_path": "C:\\VSMC\\VSMC-FAB_Investigayion_Tool\\wafer-defect-ap\\data\\wafer_images\\augmented\\M93242.01_test_wafer_aug17.png",
    "pattern_class": "Mixed",
    "root_cause": "Unknown",
    "is_augmented": true,
    "original_wafer_id": "M93242.01_test_wafer"
  },
  {
    "wafer_id": "M93242.01_M93242.01_test_wafer_aug9",
    "image_filename": "M93242.01_M93242.01_test_wafer_aug9.png",
    "image_path": "C:\\VSMC\\VSMC-FAB_Investigayion_Tool\\wafer-defect-ap\\data\\wafer_images\\augmented\\M93242.01_M93242.01_test_wafer_aug9.png",
    "pattern_class": "Mixed",
    "root_cause": "Unknown",
    "is_augmented": true,
    "original_wafer_id": "M93242.01_M93242.01_test_wafer"
  },
  {
    "wafer_id": "M34264.04_loc1_aug14",
    "image_filename": "M34264.04_loc1_aug14.png",
    "image_path": "C:\\VSMC\\VSMC-FAB_Investigayion_Tool\\wafer-defect-ap\\data\\wafer_images\\augmented\\M34264.04_loc1_aug14.png",
    "pattern_class": "Loc",
    "root_cause": "Particle Contamination",
    "is_augmented": true,
    "original_wafer_id": "M34264.04_loc1"
  },
  {
    "wafer_id": "Center2_aug16",
    "image_filename": "Center2_aug16.png",
    "image_path": "C:\\VSMC\\VSMC-FAB_Investigayion_Tool\\wafer-defect-ap\\data\\wafer_images\\augmented\\Center2_aug16.png",
    "pattern_class": "Center",
    "root_cause": "CVD Process Variation",
    "is_augmented": true,
    "original_wafer_id": "Center2"
  },
  {
    "wafer_id": "M12345.01_M93242.01_test_wafer",
    "image_filename": "M12345.01_M93242.01_test_wafer.png",
    "image_path": "C:\\VSMC\\VSMC-FAB_Investigayion_Tool\\wafer-defect-ap\\data\\wafer_images\\M12345.01_M93242.01_test_wafer.png",
    "pattern_class": "Mixed",
    "root_cause": "Unknown"
  },
  {
    "wafer_id": "M12345.01_M93242.01_test_wafer_aug11",
    "image_filename": "M12345.01_M93242.01_test_wafer_aug11.png",
    "image_path": "C:\\VSMC\\VSMC-FAB_Investigayion_Tool\\wafer-defect-ap\\data\\wafer_images\\augmented\\M12345.01_M93242.01_test_wafer_aug11.png",
    "pattern_class": "Mixed",
    "root_cause": "Unknown",
    "is_augmented": true,
    "original_wafer_id": "M12345.01_M93242.01_test_wafer"
  },
  {
    "wafer_id": "M93242.01_test_wafer_aug6",
    "image_filename": "M93242.01_test_wafer_aug6.png",
    "image_path": "C:\\VSMC\\VSMC-FAB_Investigayion_Tool\\wafer-defect-ap\\data\\wafer_images\\augmented\\M93242.01_test_wafer_aug6.png",
    "pattern_class": "Mixed",
    "root_cause": "Unknown",
    "is_augmented": true,
    "original_wafer_id": "M93242.01_test_wafer"
  },
  {
    "wafer_id": "M34264.05_Near_Full1_aug17",
    "image_filename": "M34264.05_Near_Full1_aug17.png",
    "image_path": "C:\\VSMC\\VSMC-FAB_Investigayion_Tool\\wafer-defect-ap\\data\\wafer_images\\augmented\\M34264.05_Near_Full1_aug17.png",
    "pattern_class": "Near-Full",
    "root_cause": "Lithography Issues",
    "is_augmented": true,
    "original_wafer_id": "M34264.05_Near_Full1"
  },
  {
    "wafer_id": "M34264.01_Donut1_aug5",
    "image_filename": "M34264.01_Donut1_aug5.png",
    "image_path": "C:\\VSMC\\VSMC-FAB_Investigayion_Tool\\wafer-defect-ap\\data\\wafer_images\\augmented\\M34264.01_Donut1_aug5.png",
    "pattern_class": "Donut",
    "root_cause": "CMP Non-uniformity",
    "is_augmented": true,
    "original_wafer_id": "M34264.01_Donut1"
  },
  {
    "wafer_id": "M34264.04_loc1_aug13",
    "image_filename": "M34264.04_loc1_aug13.png",
    "image_path": "C:\\VSMC\\VSMC-FAB_Investigayion_Tool\\wafer-defect-ap\\data\\wafer_images\\augmented\\M34264.04_loc1_aug13.png",
    "pattern_class": "Loc",
    "root_cause": "Particle Contamination",
    "is_augmented": true,
    "original_wafer_id": "M34264.04_loc1"
  },
  {
    "wafer_id": "M93242.01_M93242.01_test_wafer_aug10",
    "image_filename": "M93242.01_M93242.01_test_wafer_aug10.png",
    "image_path": "C:\\VSMC\\VSMC-FAB_Investigayion_Tool\\wafer-defect-ap\\data\\wafer_images\\augmented\\M93242.01_M93242.01_test_wafer_aug10.png",
    "pattern_class": "Mixed",
    "root_cause": "Unknown",
    "is_augmented": true,
    "original_wafer_id": "M93242.01_M93242.01_test_wafer"
  },
  {
    "wafer_id": "M93242.01_M93242.01_test_wafer_aug12",
    "image_filename": "M93242.01_M93242.01_test_wafer_aug12.png",
    "image_path": "C:\\VSMC\\VSMC-FAB_Investigayion_Tool\\wafer-defect-ap\\data\\wafer_images\\augmented\\M93242.01_M93242.01_test_wafer_aug12.png",
    "pattern_class": "Mixed",
    "root_cause": "Unknown",
    "is_augmented": true,
    "original_wafer_id": "M93242.01_M93242.01_test_wafer"
  },
  {
    "wafer_id": "M93242.01_M93242.01_test_wafer_aug7",
    "image_filename": "M93242.01_M93242.01_test_wafer_aug7.png",
    "image_path": "C:\\VSMC\\VSMC-FAB_Investigayion_Tool\\wafer-defect-ap\\data\\wafer_images\\augmented\\M93242.01_M93242.01_test_wafer_aug7.png",
    "pattern_class": "Mixed",
    "root_cause": "Unknown",
    "is_augmented": true,
    "original_wafer_id": "M93242.01_M93242.01_test_wafer"
  },
  {
    "wafer_id": "Center2_aug15",
    "image_filename": "Center2_aug15.png",
    "image_path": "C:\\VSMC\\VSMC-FAB_Investigayion_Tool\\wafer-defect-ap\\data\\wafer_images\\augmented\\Center2_aug15.png",
    "pattern_class": "Center",
    "root_cause": "CVD Process Variation",
    "is_augmented": true,
    "original_wafer_id": "Center2"
  },
  {
    "wafer_id": "M93242.01_test_wafer_aug18",
    "image_filename": "M93242.01_test_wafer_aug18.png",
    "image_path": "C:\\VSMC\\VSMC-FAB_Investigayion_Tool\\wafer-defect-ap\\data\\wafer_images\\augmented\\M93242.01_test_wafer_aug18.png",
    "pattern_class": "Mixed",
    "root_cause": "Unknown",
    "is_augmented": true,
    "original_wafer_id": "M93242.01_test_wafer"
  },
  {
    "wafer_id": "M93242.01_M93242.01_test_wafer_aug2",
    "image_filename": "M93242.01_M93242.01_test_wafer_aug2.png",
    "image_path": "C:\\VSMC\\VSMC-FAB_Investigayion_Tool\\wafer-defect-ap\\data\\wafer_images\\augmented\\M93242.01_M93242.01_test_wafer_aug2.png",
    "pattern_class": "Mixed",
    "root_cause": "Unknown",
    "is_augmented": true,
    "original_wafer_id": "M93242.01_M93242.01_test_wafer"
  },
  {
    "wafer_id": "M34264.02_Edge_Loc1_aug13",
    "image_filename": "M34264.02_Edge_Loc1_aug13.png",
    "image_path": "C:\\VSMC\\VSMC-FAB_Investigayion_Tool\\wafer-defect-ap\\data\\wafer_images\\augmented\\M34264.02_Edge_Loc1_aug13.png",
    "pattern_class": "Edge-Loc",
    "root_cause": "Equipment Malfunction",
    "is_augmented": true,
    "original_wafer_id": "M34264.02_Edge_Loc1"
  },
  {
    "wafer_id": "M34264.02_Edge_Loc1_aug17",
    "image_filename": "M34264.02_Edge_Loc1_aug17.png",
    "image_path": "C:\\VSMC\\VSMC-FAB_Investigayion_Tool\\wafer-defect-ap\\data\\wafer_images\\augmented\\M34264.02_Edge_Loc1_aug17.png",
    "pattern_class": "Edge-Loc",
    "root_cause": "Equipment Malfunction",
    "is_augmented": true,
    "original_wafer_id": "M34264.02_Edge_Loc1"
  },
  {
    "wafer_id": "M34264.04_loc1_aug3",
    "image_filename": "M34264.04_loc1_aug3.png",
    "image_path": "C:\\VSMC\\VSMC-FAB_Investigayion_Tool\\wafer-defect-ap\\data\\wafer_images\\augmented\\M34264.04_loc1_aug3.png",
    "pattern_class": "Loc",
    "root_cause": "Particle Contamination",
    "is_augmented": true,
    "original_wafer_id": "M34264.04_loc1"
  },
  {
    "wafer_id": "M34264.05_Near_Full1_aug16",
    "image_filename": "M34264.05_Near_Full1_aug16.png",
    "image_path": "C:\\VSMC\\VSMC-FAB_Investigayion_Tool\\wafer-defect-ap\\data\\wafer_images\\augmented\\M34264.05_Near_Full1_aug16.png",
    "pattern_class": "Near-Full",
    "root_cause": "Lithography Issues",
    "is_augmented": true,
    "original_wafer_id": "M34264.05_Near_Full1"
  },
  {
    "wafer_id": "M93242.01_test_wafer_aug2",
    "image_filename": "M93242.01_test_wafer_aug2.png",
    "image_path": "C:\\VSMC\\VSMC-FAB_Investigayion_Tool\\wafer-defect-ap\\data\\wafer_images\\augmented\\M93242.01_test_wafer_aug2.png",
    "pattern_class": "Mixed",
    "root_cause": "Unknown",
    "is_augmented": true,
    "original_wafer_id": "M93242.01_test_wafer"
  },
  {
    "wafer_id": "M34264.04_loc1_aug15",
    "image_filename": "M34264.04_loc1_aug15.png",
    "image_path": "C:\\VSMC\\VSMC-FAB_Investigayion_Tool\\wafer-defect-ap\\data\\wafer_images\\augmented\\M34264.04_loc1_aug15.png",
    "pattern_class": "Loc",
    "root_cause": "Particle Contamination",
    "is_augmented": true,
    "original_wafer_id": "M34264.04_loc1"
  },
  {
    "wafer_id": "M34264.03_Edge_Ring1_aug18",
    "image_filename": "M34264.03_Edge_Ring1_aug18.png",
    "image_path": "C:\\VSMC\\VSMC-FAB_Investigayion_Tool\\wafer-defect-ap\\data\\wafer_images\\augmented\\M34264.03_Edge_Ring1_aug18.png",
    "pattern_class": "Edge-Ring",
    "root_cause": "Etch Process Drift",
    "is_augmented": true,
    "original_wafer_id": "M34264.03_Edge_Ring1"
  },
  {
    "wafer_id": "M34264.01_Donut1_aug16",
    "image_filename": "M34264.01_Donut1_aug16.png",
    "image_path": "C:\\VSMC\\VSMC-FAB_Investigayion_Tool\\wafer-defect-ap\\data\\wafer_images\\augmented\\M34264.01_Donut1_aug16.png",
    "pattern_class": "Donut",
    "root_cause": "CMP Non-uniformity",
    "is_augmented": true,
    "original_wafer_id": "M34264.01_Donut1"
  },
  {
    "wafer_id": "M34264.03_Edge_Ring1_aug16",
    "image_filename": "M34264.03_Edge_Ring1_aug16.png",
    "image_path": "C:\\VSMC\\VSMC-FAB_Investigayion_Tool\\wafer-defect-ap\\data\\wafer_images\\augmented\\M34264.03_Edge_Ring1_aug16.png",
    "pattern_class": "Edge-Ring",
    "root_cause": "Etch Process Drift",
    "is_augmented": true,
    "original_wafer_id": "M34264.03_Edge_Ring1"
  },
  {
    "wafer_id": "M34264.04_loc1_aug4",
    "image_filename": "M34264.04_loc1_aug4.png",
    "image_path": "C:\\VSMC\\VSMC-FAB_Investigayion_Tool\\wafer-defect-ap\\data\\wafer_images\\augmented\\M34264.04_loc1_aug4.png",
    "pattern_class": "Loc",
    "root_cause": "Particle Contamination",
    "is_augmented": true,
    "original_wafer_id": "M34264.04_loc1"
  },
  {
    "wafer_id": "M34264.07_Scrach1_aug10",
    "image_filename": "M34264.07_Scrach1_aug10.png",
    "image_path": "C:\\VSMC\\VSMC-FAB_Investigayion_Tool\\wafer-defect-ap\\data\\wafer_images\\augmented\\M34264.07_Scrach1_aug10.png",
    "pattern_class": "Scratch",
    "root_cause": "Equipment Malfunction",
    "is_augmented": true,
    "original_wafer_id": "M34264.07_Scrach1"
  },
  {
    "wafer_id": "M34264.03_Edge_Ring1_aug10",
    "image_filename": "M34264.03_Edge_Ring1_aug10.png",
    "image_path": "C:\\VSMC\\VSMC-FAB_Investigayion_Tool\\wafer-defect-ap\\data\\wafer_images\\augmented\\M34264.03_Edge_Ring1_aug10.png",
    "pattern_class": "Edge-Ring",
    "root_cause": "Etch Process Drift",
    "is_augmented": true,
    "original_wafer_id": "M34264.03_Edge_Ring1"
  },
  {
    "wafer_id": "M12345.01_M93242.01_test_wafer_aug10",
    "image_filename": "M12345.01_M93242.01_test_wafer_aug10.png",
    "image_path": "C:\\VSMC\\VSMC-FAB_Investigayion_Tool\\wafer-defect-ap\\data\\wafer_images\\augmented\\M12345.01_M93242.01_test_wafer_aug10.png",
    "pattern_class": "Mixed",
    "root_cause": "Unknown",
    "is_augmented": true,
    "original_wafer_id": "M12345.01_M93242.01_test_wafer"
  },
  {
    "wafer_id": "Edge-Ring2_aug2",
    "image_filename": "Edge-Ring2_aug2.png",
    "image_path": "C:\\VSMC\\VSMC-FAB_Investigayion_Tool\\wafer-defect-ap\\data\\wafer_images\\augmented\\Edge-Ring2_aug2.png",
    "pattern_class": "Edge-Ring",
    "root_cause": "Etch Process Drift",
    "is_augmented": true,
    "original_wafer_id": "Edge-Ring2"
  },
  {
    "wafer_id": "M34264.07_Scrach1_aug15",
    "image_filename": "M34264.07_Scrach1_aug15.png",
    "image_path": "C:\\VSMC\\VSMC-FAB_Investigayion_Tool\\wafer-defect-ap\\data\\wafer_images\\augmented\\M34264.07_Scrach1_aug15.png",
    "pattern_class": "Scratch",
    "root_cause": "Equipment Malfunction",
    "is_augmented": true,
    "original_wafer_id": "M34264.07_Scrach1"
  },
  {
    "wafer_id": "Edge-Ring2_aug3",
    "image_filename": "Edge-Ring2_aug3.png",
    "image_path": "C:\\VSMC\\VSMC-FAB_Investigayion_Tool\\wafer-defect-ap\\data\\wafer_images\\augmented\\Edge-Ring2_aug3.png",
    "pattern_class": "Edge-Ring",
    "root_cause": "Etch Process Drift",
    "is_augmented": true,
    "original_wafer_id": "Edge-Ring2"
  },
  {
    "wafer_id": "M34264.07_Scrach1_aug11",
    "image_filename": "M34264.07_Scrach1_aug11.png",
    "image_path": "C:\\VSMC\\VSMC-FAB_Investigayion_Tool\\wafer-defect-ap\\data\\wafer_images\\augmented\\M34264.07_Scrach1_aug11.png",
    "pattern_class": "Scratch",
    "root_cause": "Equipment Malfunction",
    "is_augmented": true,
    "original_wafer_id": "M34264.07_Scrach1"
  },
  {
    "wafer_id": "M93242.01_test_wafer_aug3",
    "image_filename": "M93242.01_test_wafer_aug3.png",
    "image_path": "C:\\VSMC\\VSMC-FAB_Investigayion_Tool\\wafer-defect-ap\\data\\wafer_images\\augmented\\M93242.01_test_wafer_aug3.png",
    "pattern_class": "Mixed",
    "root_cause": "Unknown",
    "is_augmented": true,
    "original_wafer_id": "M93242.01_test_wafer"
  },
  {
    "wafer_id": "M34264.02_Edge_Loc1_aug14",
    "image_filename": "M34264.02_Edge_Loc1_aug14.png",
    "image_path": "C:\\VSMC\\VSMC-FAB_Investigayion_Tool\\wafer-defect-ap\\data\\wafer_images\\augmented\\M34264.02_Edge_Loc1_aug14.png",
    "pattern_class": "Edge-Loc",
    "root_cause": "Equipment Malfunction",
    "is_augmented": true,
    "original_wafer_id": "M34264.02_Edge_Loc1"
  },
  {
    "wafer_id": "M34264.05_Near_Full1_aug15",
    "image_filename": "M34264.05_Near_Full1_aug15.png",
    "image_path": "C:\\VSMC\\VSMC-FAB_Investigayion_Tool\\wafer-defect-ap\\data\\wafer_images\\augmented\\M34264.05_Near_Full1_aug15.png",
    "pattern_class": "Near-Full",
    "root_cause": "Lithography Issues",
    "is_augmented": true,
    "original_wafer_id": "M34264.05_Near_Full1"
  },
  {
    "wafer_id": "M34264.06_Random1_aug15",
    "image_filename": "M34264.06_Random1_aug15.png",
    "image_path": "C:\\VSMC\\VSMC-FAB_Investigayion_Tool\\wafer-defect-ap\\data\\wafer_images\\augmented\\M34264.06_Random1_aug15.png",
    "pattern_class": "Random",
    "root_cause": "Material Defects",
    "is_augmented": true,
    "original_wafer_id": "M34264.06_Random1"
  },
  {
    "wafer_id": "M34264.03_Edge_Ring1_aug12",
    "image_filename": "M34264.03_Edge_Ring1_aug12.png",
    "image_path": "C:\\VSMC\\VSMC-FAB_Investigayion_Tool\\wafer-defect-ap\\data\\wafer_images\\augmented\\M34264.03_Edge_Ring1_aug12.png",
    "pattern_class": "Edge-Ring",
    "root_cause": "Etch Process Drift",
    "is_augmented": true,
    "original_wafer_id": "M34264.03_Edge_Ring1"
  },
  {
    "wafer_id": "M12345.01_M93242.01_test_wafer_aug1",
    "image_filename": "M12345.01_M93242.01_test_wafer_aug1.png",
    "image_path": "C:\\VSMC\\VSMC-FAB_Investigayion_Tool\\wafer-defect-ap\\data\\wafer_images\\augmented\\M12345.01_M93242.01_test_wafer_aug1.png",
    "pattern_class": "Mixed",
    "root_cause": "Unknown",
    "is_augmented": true,
    "original_wafer_id": "M12345.01_M93242.01_test_wafer"
  },
  {
    "wafer_id": "M93242.01_test_wafer_aug10",
    "image_filename": "M93242.01_test_wafer_aug10.png",
    "image_path": "C:\\VSMC\\VSMC-FAB_Investigayion_Tool\\wafer-defect-ap\\data\\wafer_images\\augmented\\M93242.01_test_wafer_aug10.png",
    "pattern_class": "Mixed",
    "root_cause": "Unknown",
    "is_augmented": true,
    "original_wafer_id": "M93242.01_test_wafer"
  },
  {
    "wafer_id": "M34264.05_Near_Full1_aug18",
    "image_filename": "M34264.05_Near_Full1_aug18.png",
    "image_path": "C:\\VSMC\\VSMC-FAB_Investigayion_Tool\\wafer-defect-ap\\data\\wafer_images\\augmented\\M34264.05_Near_Full1_aug18.png",
    "pattern_class": "Near-Full",
    "root_cause": "Lithography Issues",
    "is_augmented": true,
    "original_wafer_id": "M34264.05_Near_Full1"
  },
  {
    "wafer_id": "M34264.01_Donut1_aug9",
    "image_filename": "M34264.01_Donut1_aug9.png",
    "image_path": "C:\\VSMC\\VSMC-FAB_Investigayion_Tool\\wafer-defect-ap\\data\\wafer_images\\augmented\\M34264.01_Donut1_aug9.png",
    "pattern_class": "Donut",
    "root_cause": "CMP Non-uniformity",
    "is_augmented": true,
    "original_wafer_id": "M34264.01_Donut1"
  },
  {
    "wafer_id": "M34264.01_center1_aug7",
    "image_filename": "M34264.01_center1_aug7.png",
    "image_path": "C:\\VSMC\\VSMC-FAB_Investigayion_Tool\\wafer-defect-ap\\data\\wafer_images\\augmented\\M34264.01_center1_aug7.png",
    "pattern_class": "Center",
    "root_cause": "CVD Process Variation",
    "is_augmented": true,
    "original_wafer_id": "M34264.01_center1"
  },
  {
    "wafer_id": "M34264.05_Near_Full1",
    "image_filename": "M34264.05_Near_Full1.png",
    "image_path": "C:\\VSMC\\VSMC-FAB_Investigayion_Tool\\wafer-defect-ap\\data\\wafer_images\\M34264.05_Near_Full1.png",
    "pattern_class": "Near-Full",
    "root_cause": "Lithography Issues"
  },
  {
    "wafer_id": "M93242.01_M93242.01_test_wafer_aug17",
    "image_filename": "M93242.01_M93242.01_test_wafer_aug17.png",
    "image_path": "C:\\VSMC\\VSMC-FAB_Investigayion_Tool\\wafer-defect-ap\\data\\wafer_images\\augmented\\M93242.01_M93242.01_test_wafer_aug17.png",
    "pattern_class": "Mixed",
    "root_cause": "Unknown",
    "is_augmented": true,
    "original_wafer_id": "M93242.01_M93242.01_test_wafer"
  },
  {
    "wafer_id": "Center2_aug1",
    "image_filename": "Center2_aug1.png",
    "image_path": "C:\\VSMC\\VSMC-FAB_Investigayion_Tool\\wafer-defect-ap\\data\\wafer_images\\augmented\\Center2_aug1.png",
    "pattern_class": "Center",
    "root_cause": "CVD Process Variation",
    "is_augmented": true,
    "original_wafer_id": "Center2"
  },
  {
    "wafer_id": "M34264.01_center1_aug10",
    "image_filename": "M34264.01_center1_aug10.png",
    "image_path": "C:\\VSMC\\VSMC-FAB_Investigayion_Tool\\wafer-defect-ap\\data\\wafer_images\\augmented\\M34264.01_center1_aug10.png",
    "pattern_class": "Center",
    "root_cause": "CVD Process Variation",
    "is_augmented": true,
    "original_wafer_id": "M34264.01_center1"
  },
  {
    "wafer_id": "M93242.01_test_wafer_aug1",
    "image_filename": "M93242.01_test_wafer_aug1.png",
    "image_path": "C:\\VSMC\\VSMC-FAB_Investigayion_Tool\\wafer-defect-ap\\data\\wafer_images\\augmented\\M93242.01_test_wafer_aug1.png",
    "pattern_class": "Mixed",
    "root_cause": "Unknown",
    "is_augmented": true,
    "original_wafer_id": "M93242.01_test_wafer"
  },
  {
    "wafer_id": "M34264.03_Edge_Ring1_aug9",
    "image_filename": "M34264.03_Edge_Ring1_aug9.png",
    "image_path": "C:\\VSMC\\VSMC-FAB_Investigayion_Tool\\wafer-defect-ap\\data\\wafer_images\\augmented\\M34264.03_Edge_Ring1_aug9.png",
    "pattern_class": "Edge-Ring",
    "root_cause": "Etch Process Drift",
    "is_augmented": true,
    "original_wafer_id": "M34264.03_Edge_Ring1"
  },
  {
    "wafer_id": "M34264.05_Near_Full1_aug3",
    "image_filename": "M34264.05_Near_Full1_aug3.png",
    "image_path": "C:\\VSMC\\VSMC-FAB_Investigayion_Tool\\wafer-defect-ap\\data\\wafer_images\\augmented\\M34264.05_Near_Full1_aug3.png",
    "pattern_class": "Near-Full",
    "root_cause": "Lithography Issues",
    "is_augmented": true,
    "original_wafer_id": "M34264.05_Near_Full1"
  },
  {
    "wafer_id": "M34264.04_loc1_aug10",
    "image_filename": "M34264.04_loc1_aug10.png",
    "image_path": "C:\\VSMC\\VSMC-FAB_Investigayion_Tool\\wafer-defect-ap\\data\\wafer_images\\augmented\\M34264.04_loc1_aug10.png",
    "pattern_class": "Loc",
    "root_cause": "Particle Contamination",
    "is_augmented": true,
    "original_wafer_id": "M34264.04_loc1"
  },
  {
    "wafer_id": "M12345.01_M93242.01_test_wafer_aug16",
    "image_filename": "M12345.01_M93242.01_test_wafer_aug16.png",
    "image_path": "C:\\VSMC\\VSMC-FAB_Investigayion_Tool\\wafer-defect-ap\\data\\wafer_images\\augmented\\M12345.01_M93242.01_test_wafer_aug16.png",
    "pattern_class": "Mixed",
    "root_cause": "Unknown",
    "is_augmented": true,
    "original_wafer_id": "M12345.01_M93242.01_test_wafer"
  },
  {
    "wafer_id": "M34264.06_Random1_aug8",
    "image_filename": "M34264.06_Random1_aug8.png",
    "image_path": "C:\\VSMC\\VSMC-FAB_Investigayion_Tool\\wafer-defect-ap\\data\\wafer_images\\augmented\\M34264.06_Random1_aug8.png",
    "pattern_class": "Random",
    "root_cause": "Material Defects",
    "is_augmented": true,
    "original_wafer_id": "M34264.06_Random1"
  },
  {
    "wafer_id": "M34264.02_Edge_Loc1_aug5",
    "image_filename": "M34264.02_Edge_Loc1_aug5.png",
    "image_path": "C:\\VSMC\\VSMC-FAB_Investigayion_Tool\\wafer-defect-ap\\data\\wafer_images\\augmented\\M34264.02_Edge_Loc1_aug5.png",
    "pattern_class": "Edge-Loc",
    "root_cause": "Equipment Malfunction",
    "is_augmented": true,
    "original_wafer_id": "M34264.02_Edge_Loc1"
  },
  {
    "wafer_id": "M34264.06_Random1_aug3",
    "image_filename": "M34264.06_Random1_aug3.png",
    "image_path": "C:\\VSMC\\VSMC-FAB_Investigayion_Tool\\wafer-defect-ap\\data\\wafer_images\\augmented\\M34264.06_Random1_aug3.png",
    "pattern_class": "Random",
    "root_cause": "Material Defects",
    "is_augmented": true,
    "original_wafer_id": "M34264.06_Random1"
  },
  {
    "wafer_id": "M12345.01_M93242.01_test_wafer_aug9",
    "image_filename": "M12345.01_M93242.01_test_wafer_aug9.png",
    "image_path": "C:\\VSMC\\VSMC-FAB_Investigayion_Tool\\wafer-defect-ap\\data\\wafer_images\\augmented\\M12345.01_M93242.01_test_wafer_aug9.png",
    "pattern_class": "Mixed",
    "root_cause": "Unknown",
    "is_augmented": true,
    "original_wafer_id": "M12345.01_M93242.01_test_wafer"
  },
  {
    "wafer_id": "M34264.03_Edge_Ring1_aug3",
    "image_filename": "M34264.03_Edge_Ring1_aug3.png",
    "image_path": "C:\\VSMC\\VSMC-FAB_Investigayion_Tool\\wafer-defect-ap\\data\\wafer_images\\augmented\\M34264.03_Edge_Ring1_aug3.png",
    "pattern_class": "Edge-Ring",
    "root_cause": "Etch Process Drift",
    "is_augmented": true,
    "original_wafer_id": "M34264.03_Edge_Ring1"
  },
  {
    "wafer_id": "Edge-Ring2_aug10",
    "image_filename": "Edge-Ring2_aug10.png",
    "image_path": "C:\\VSMC\\VSMC-FAB_Investigayion_Tool\\wafer-defect-ap\\data\\wafer_images\\augmented\\Edge-Ring2_aug10.png",
    "pattern_class": "Edge-Ring",
    "root_cause": "Etch Process Drift",
    "is_augmented": true,
    "original_wafer_id": "Edge-Ring2"
  },
  {
    "wafer_id": "M34264.06_Random1_aug5",
    "image_filename": "M34264.06_Random1_aug5.png",
    "image_path": "C:\\VSMC\\VSMC-FAB_Investigayion_Tool\\wafer-defect-ap\\data\\wafer_images\\augmented\\M34264.06_Random1_aug5.png",
    "pattern_class": "Random",
    "root_cause": "Material Defects",
    "is_augmented": true,
    "original_wafer_id": "M34264.06_Random1"
  },
  {
    "wafer_id": "M34264.04_loc1_aug2",
    "image_filename": "M34264.04_loc1_aug2.png",
    "image_path": "C:\\VSMC\\VSMC-FAB_Investigayion_Tool\\wafer-defect-ap\\data\\wafer_images\\augmented\\M34264.04_loc1_aug2.png",
    "pattern_class": "Loc",
    "root_cause": "Particle Contamination",
    "is_augmented": true,
    "original_wafer_id": "M34264.04_loc1"
  },
  {
    "wafer_id": "Center2_aug5",
    "image_filename": "Center2_aug5.png",
    "image_path": "C:\\VSMC\\VSMC-FAB_Investigayion_Tool\\wafer-defect-ap\\data\\wafer_images\\augmented\\Center2_aug5.png",
    "pattern_class": "Center",
    "root_cause": "CVD Process Variation",
    "is_augmented": true,
    "original_wafer_id": "Center2"
  },
  {
    "wafer_id": "M34264.04_loc1_aug12",
    "image_filename": "M34264.04_loc1_aug12.png",
    "image_path": "C:\\VSMC\\VSMC-FAB_Investigayion_Tool\\wafer-defect-ap\\data\\wafer_images\\augmented\\M34264.04_loc1_aug12.png",
    "pattern_class": "Loc",
    "root_cause": "Particle Contamination",
    "is_augmented": true,
    "original_wafer_id": "M34264.04_loc1"
  },
  {
    "wafer_id": "M34264.05_Near_Full1_aug1",
    "image_filename": "M34264.05_Near_Full1_aug1.png",
    "image_path": "C:\\VSMC\\VSMC-FAB_Investigayion_Tool\\wafer-defect-ap\\data\\wafer_images\\augmented\\M34264.05_Near_Full1_aug1.png",
    "pattern_class": "Near-Full",
    "root_cause": "Lithography Issues",
    "is_augmented": true,
    "original_wafer_id": "M34264.05_Near_Full1"
  },
  {
    "wafer_id": "M34264.05_Near_Full1_aug6",
    "image_filename": "M34264.05_Near_Full1_aug6.png",
    "image_path": "C:\\VSMC\\VSMC-FAB_Investigayion_Tool\\wafer-defect-ap\\data\\wafer_images\\augmented\\M34264.05_Near_Full1_aug6.png",
    "pattern_class": "Near-Full",
    "root_cause": "Lithography Issues",
    "is_augmented": true,
    "original_wafer_id": "M34264.05_Near_Full1"
  }
]