[
  {
    "id": "20260123232642",
    "username": "Daniel",
    "timestamp": "20260123232642",
    "datetime": "2026-01-23 23:26:42",
    "filename": "Daniel_20260123232642.json",
    "parameters": {
      "target_cd": 45,
      "tolerance": 10,
      "data_file": "lithography_data.csv"
    },
    "summary": {
      "dof": 0.8,
      "el": 8,
      "yield": 94.11764705882352
    }
  },
  {
    "id": "20260124073126",
    "username": "Daniel",
    "timestamp": "20260124073126",
    "datetime": "2026-01-24 07:31:26",
    "filename": "Daniel_20260124073126.json",
    "parameters": {
      "target_cd": 45,
      "tolerance": 10,
      "data_file": "lithography_data.csv"
    },
    "summary": {
      "dof": 0.8,
      "el": 8,
      "yield": 94.11764705882352
    }
  }
]